window_start,anomaly_score,pred_label
0,1.4948171e-16,0
1,1.9400245e-23,0
2,7.2056195e-15,0
3,1.2525682e-13,0
4,7.127896e-15,0
5,7.152372e-14,0
6,3.623434e-15,0
7,3.6683488e-19,0
8,1.2771121e-13,0
9,1.4891853e-12,0
10,1.9989833e-11,0
11,4.368737e-19,0
12,6.1638556e-23,0
13,5.371141e-18,0
14,2.2290461e-17,0
15,1.6214058e-19,0
16,2.876027e-19,0
17,2.3236717e-20,0
18,1.7295448e-17,0
19,1.959112e-11,0
20,1.0179065e-11,0
21,7.503174e-10,0
22,1.5949239e-14,0
23,5.454589e-22,0
24,7.716976e-23,0
25,1.6219936e-19,0
26,2.5784334e-22,0
27,8.726394e-21,0
28,7.850351e-23,0
29,9.119567e-23,0
30,2.0858135e-19,0
31,3.776459e-19,0
32,1.9442733e-19,0
33,1.377191e-22,0
34,4.205991e-27,0
35,2.583618e-18,0
36,4.6669136e-13,0
37,4.824284e-14,0
38,7.106939e-14,0
39,2.1230786e-18,0
40,1.6858173e-24,0
41,1.7989657e-22,0
42,1.9013926e-21,0
43,2.5978352e-21,0
44,2.7457338e-22,0
45,5.9599636e-16,0
46,1.3392875e-14,0
47,5.2798026e-12,0
48,1.2853561e-11,0
49,1.6922984e-10,0
50,5.6090495e-21,0
51,2.271099e-21,0
52,5.578672e-18,0
53,3.129491e-20,0
54,9.132737e-21,0
55,2.5661596e-21,0
56,3.2673988e-23,0
57,6.0079756e-21,0
58,4.08616e-20,0
59,1.8244354e-19,0
60,5.723894e-20,0
61,1.817849e-20,0
62,4.9029567e-18,0
63,1.9682628e-14,0
64,1.734516e-14,0
65,1.4862139e-13,0
66,7.2286866e-16,0
67,9.2376206e-18,0
68,2.129383e-16,0
69,1.1138059e-18,0
70,4.4060467e-17,0
71,3.2530996e-21,0
72,2.3673055e-21,0
73,4.7891994e-17,0
74,6.2201065e-12,0
75,6.165828e-13,0
76,1.9587578e-14,0
77,6.010265e-22,0
78,4.7079194e-26,0
79,1.8419805e-20,0
80,9.483953e-19,0
81,1.1702547e-18,0
82,6.3501984e-19,0
83,9.1864764e-21,0
84,4.3605717e-22,0
85,1.1789169e-16,0
86,3.1671343e-17,0
87,1.4593828e-15,0
88,3.3035e-19,0
89,4.513595e-18,0
90,1.9000582e-14,0
91,3.0054453e-15,0
92,3.090231e-16,0
93,1.1739322e-14,0
94,2.0392637e-16,0
95,5.541829e-18,0
96,3.008423e-18,0
97,7.232013e-19,0
98,3.7327466e-19,0
99,5.8453405e-21,0
100,3.1886177e-16,0
101,2.7612407e-12,0
102,1.7450935e-12,0
103,1.9820746e-13,0
104,3.0776317e-16,0
105,4.8626127e-18,0
106,3.2657248e-18,0
107,3.5537227e-19,0
108,5.5477937e-18,0
109,9.919019e-20,0
110,2.9378044e-17,0
111,9.461321e-14,0
112,8.215667e-11,0
113,7.24754e-10,0
114,6.499038e-12,0
115,2.0802401e-22,0
116,6.4828937e-16,0
117,3.6832758e-15,0
118,2.78081e-17,0
119,4.057481e-15,0
120,8.1207766e-14,0
121,2.7608333e-13,0
122,7.4561554e-13,0
123,1.430967e-12,0
124,1.2411229e-12,0
125,9.939573e-15,0
126,5.2490874e-23,0
127,8.943053e-21,0
128,2.4655283e-20,0
129,2.0839434e-20,0
130,8.917973e-22,0
131,1.2276718e-24,0
132,1.3188984e-18,0
133,2.0059e-11,0
134,6.711481e-12,0
135,5.814389e-08,0
136,8.6236937e-13,0
137,3.9631054e-18,0
138,1.3553149e-18,0
139,4.945634e-11,0
140,1.5937987e-14,0
141,1.7841719e-12,0
142,6.2634767e-16,0
143,1.8246581e-19,0
144,5.4288153e-19,0
145,5.1086696e-16,0
146,4.2821347e-17,0
147,3.1349757e-20,0
148,6.841767e-23,0
149,1.3084566e-23,0
150,6.8148986e-19,0
151,1.1890875e-17,0
152,2.9281963e-15,0
153,3.8630666e-19,0
154,6.616139e-21,0
155,2.7666729e-14,0
156,2.2944468e-12,0
157,1.6745214e-12,0
158,7.944621e-14,0
159,1.8511363e-14,0
160,3.8797105e-19,0
161,2.9887599e-18,0
162,1.8988214e-19,0
163,4.4302444e-19,0
164,1.0753221e-23,0
165,1.6465777e-23,0
166,7.6923144e-16,0
167,1.568834e-15,0
168,5.3671267e-14,0
169,1.1920125e-13,0
170,1.3062676e-15,0
171,6.0996336e-13,0
172,2.3148666e-06,0
173,4.061285e-10,0
174,2.536838e-10,0
175,1.4388518e-16,0
176,3.8913662e-16,0
177,4.5830737e-14,0
178,2.8075498e-12,0
179,5.209124e-11,0
180,1.0354044e-11,0
181,4.6612015e-21,0
182,3.35357e-16,0
183,1.4524338e-13,0
184,4.4090587e-16,0
185,5.0875255e-14,0
186,7.8045955e-18,0
187,2.5113624e-24,0
188,9.421023e-21,0
189,7.84738e-17,0
190,1.678495e-17,0
191,1.8670838e-16,0
192,3.1393337e-19,0
193,4.8490853e-20,0
194,6.674104e-16,0
195,2.617987e-16,0
196,3.011387e-17,0
197,2.7627449e-21,0
198,1.0987262e-21,0
199,3.622019e-18,0
200,9.3543225e-18,0
201,2.555614e-17,0
202,6.3432826e-16,0
203,1.7583895e-18,0
204,1.2696543e-19,0
205,1.9821267e-14,0
206,8.7851764e-14,0
207,9.1397206e-14,0
208,3.812241e-18,0
209,4.852252e-19,0
210,9.806567e-19,0
211,1.9270761e-19,0
212,4.538628e-19,0
213,1.9795383e-18,0
214,1.2290377e-20,0
215,4.270799e-16,0
216,1.5544127e-14,0
217,5.326705e-16,0
218,5.7559973e-19,0
219,1.4026088e-21,0
220,3.993716e-18,0
221,3.931099e-12,0
222,1.4047632e-11,0
223,1.899648e-11,0
224,3.1091442e-12,0
225,5.61241e-21,0
226,3.2724476e-17,0
227,3.8692393e-15,0
228,5.786431e-16,0
229,6.4879614e-17,0
230,6.351851e-17,0
231,2.0463638e-15,0
232,4.5534535e-12,0
233,4.0539594e-12,0
234,5.690151e-12,0
235,1.721109e-15,0
236,6.812537e-18,0
237,2.763022e-19,0
238,2.1499216e-21,0
239,5.5566627e-20,0
240,1.4288004e-21,0
241,3.8669256e-21,0
242,1.2115468e-16,0
243,1.8538858e-13,0
244,8.5071295e-13,0
245,1.5478398e-13,0
246,1.2189756e-20,0
247,3.0513158e-17,0
248,2.214943e-16,0
249,1.5261075e-18,0
250,8.39941e-17,0
251,3.9969075e-15,0
252,7.6736625e-19,0
253,8.156655e-17,0
254,2.8553814e-16,0
255,7.933217e-18,0
256,1.2309398e-17,0
257,1.3664842e-14,0
258,7.322331e-15,0
259,1.5988674e-15,0
260,4.312764e-14,0
261,1.266291e-14,0
262,6.0619356e-14,0
263,5.8502167e-13,0
264,6.9920137e-12,0
265,8.771053e-12,0
266,3.1052622e-16,0
267,2.0784532e-24,0
268,6.601671e-20,0
269,1.4660088e-19,0
270,1.1383278e-19,0
271,2.0194528e-17,0
272,4.5521566e-17,0
273,2.241615e-17,0
274,9.378677e-13,0
275,4.45499e-14,0
276,2.8389351e-14,0
277,6.555378e-18,0
278,1.6340853e-19,0
279,4.367456e-18,0
280,1.1445093e-14,0
281,9.450099e-15,0
282,1.0814925e-16,0
283,3.2242924e-19,0
284,3.7272586e-17,0
285,3.9171452e-17,0
286,2.42541e-17,0
287,7.664836e-17,0
288,2.0807321e-22,0
289,6.5321927e-24,0
290,7.7339366e-19,0
291,1.527681e-17,0
292,3.6656986e-15,0
293,5.994706e-18,0
294,1.9349994e-22,0
295,2.1037962e-16,0
296,2.937921e-14,0
297,4.5608674e-16,0
298,2.2642568e-13,0
299,2.503116e-18,0
300,9.986052e-23,0
301,3.2628254e-13,0
302,8.694825e-14,0
303,4.3069132e-13,0
304,4.6632565e-13,0
305,7.974542e-18,0
306,4.5292443e-23,0
307,8.1416743e-16,0
308,3.515969e-18,0
309,3.0472662e-18,0
310,8.3539216e-21,0
311,3.8274446e-23,0
312,1.4617327e-17,0
313,1.1047178e-16,0
314,1.3112543e-16,0
315,6.4520994e-17,0
316,6.299296e-17,0
317,9.2303425e-15,0
318,2.3381403e-11,0
319,2.7074948e-10,0
320,9.438876e-11,0
321,1.0324571e-13,0
322,2.8665313e-11,0
323,1.3062071e-06,0
324,1.3470791e-09,0
325,2.4837923e-06,0
326,1.5292234e-09,0
327,3.767529e-16,0
328,2.611813e-12,0
329,6.590903e-08,0
330,2.685567e-08,0
331,9.650259e-12,0
332,1.0694637e-16,0
333,1.0814111e-14,0
334,6.0635053e-15,0
335,1.3428782e-15,0
336,1.3282563e-15,0
337,2.508069e-16,0
338,2.329168e-18,0
339,3.2745616e-15,0
340,6.595571e-15,0
341,1.866112e-12,0
342,3.1658451e-15,0
343,4.6369206e-14,0
344,2.3106718e-14,0
345,1.966828e-15,0
346,2.5657954e-15,0
347,2.7493082e-14,0
348,7.456784e-16,0
349,3.1784273e-13,0
350,3.0276084e-11,0
351,1.0295693e-11,0
352,2.597874e-14,0
353,4.3088293e-16,0
354,1.437298e-14,0
355,5.569941e-15,0
356,7.878488e-16,0
357,1.0868353e-17,0
358,5.4463525e-23,0
359,3.5425415e-20,0
360,2.9833993e-15,0
361,4.8830645e-16,0
362,1.7624794e-14,0
363,3.1910757e-16,0
364,4.965328e-20,0
365,2.1646554e-18,0
366,1.3501641e-19,0
367,9.996864e-18,0
368,1.2068959e-18,0
369,2.4666112e-19,0
370,2.0698158e-14,0
371,1.0078543e-12,0
372,6.2494416e-13,0
373,1.4116639e-14,0
374,4.5107787e-15,0
375,1.4240381e-15,0
376,1.9973869e-14,0
377,2.6621576e-16,0
378,2.740753e-14,0
379,5.6476816e-19,0
380,9.951534e-21,0
381,2.4227376e-17,0
382,3.4798752e-18,0
383,2.5789713e-17,0
384,3.5359936e-20,0
385,1.7979033e-21,0
386,3.8419e-14,0
387,2.0205432e-13,0
388,6.237957e-14,0
389,9.896188e-13,0
390,5.4298827e-15,0
391,6.800373e-14,0
392,1.7078603e-13,0
393,1.135672e-14,0
394,9.337141e-17,0
395,9.5428375e-15,0
396,1.612156e-17,0
397,7.94841e-14,0
398,2.8803904e-12,0
399,2.0623106e-12,0
400,8.3184895e-15,0
401,1.14527094e-11,0
402,1.4419942e-13,0
403,1.3088264e-15,0
404,6.648153e-14,0
405,2.8142015e-17,0
406,3.0344786e-21,0
407,5.5400322e-18,0
408,7.763588e-18,0
409,1.294322e-17,0
410,2.8398337e-18,0
411,3.7822313e-16,0
412,1.5786434e-15,0
413,5.5084734e-15,0
414,1.4360156e-14,0
415,9.259742e-18,0
416,2.0694148e-20,0
417,9.61499e-14,0
418,1.2989338e-14,0
419,1.6051314e-15,0
420,4.9476856e-13,0
421,9.426265e-15,0
422,7.8027424e-20,0
423,9.673855e-18,0
424,7.220637e-17,0
425,1.4032424e-18,0
426,6.2992663e-19,0
427,1.9849641e-14,0
428,8.314016e-15,0
429,7.7953535e-15,0
430,5.0310647e-14,0
431,3.1226662e-15,0
432,1.4574218e-19,0
433,3.603686e-20,0
434,1.24634615e-20,0
435,8.9693966e-20,0
436,1.4506442e-18,0
437,5.313323e-19,0
438,1.3830902e-18,0
439,6.9273196e-18,0
440,1.3764682e-19,0
441,3.2451313e-20,0
442,3.4371148e-19,0
443,3.3125966e-20,0
444,5.1118566e-20,0
445,1.4071939e-17,0
446,4.237102e-20,0
447,1.0321386e-20,0
448,6.9648164e-17,0
449,2.3580808e-17,0
450,1.1906978e-19,0
451,1.5092529e-20,0
452,2.6110912e-19,0
453,1.3279192e-19,0
454,9.501124e-18,0
455,2.9300836e-16,0
456,7.0571953e-16,0
457,3.333084e-18,0
458,2.3484217e-17,0
459,1.66186e-17,0
460,1.2243494e-19,0
461,4.591272e-18,0
462,9.633524e-19,0
463,1.1656656e-18,0
464,4.821439e-19,0
465,3.3633672e-18,0
466,3.4168668e-18,0
467,8.224675e-17,0
468,2.3173826e-16,0
469,5.583468e-16,0
470,1.9205035e-16,0
471,3.4571571e-18,0
472,7.4242496e-18,0
473,1.8745781e-15,0
474,5.850465e-16,0
475,1.9427425e-15,0
476,6.84015e-15,0
477,1.979987e-15,0
478,2.2646919e-18,0
479,8.322723e-20,0
480,1.1876266e-19,0
481,4.8409184e-19,0
482,9.989664e-13,0
483,5.671774e-12,0
484,3.1789682e-12,0
485,1.2407252e-08,0
486,6.9556816e-10,0
487,1.584047e-13,0
488,5.6476148e-12,0
489,4.4783957e-13,0
490,6.25914e-13,0
491,1.5662375e-13,0
492,4.8400024e-16,0
493,1.9488236e-13,0
494,3.2619493e-12,0
495,4.8565167e-13,0
496,2.411023e-14,0
497,2.2477763e-13,0
498,9.991603e-14,0
499,1.7565619e-15,0
500,2.2503393e-15,0
501,1.2866235e-16,0
502,1.5811537e-19,0
503,4.3623464e-17,0
504,1.35785065e-14,0
505,5.0402082e-14,0
506,1.12783026e-13,0
507,1.02494825e-17,0
508,6.7536994e-17,0
509,2.914518e-18,0
510,6.6814304e-19,0
511,4.479854e-18,0
512,2.2479582e-19,0
513,4.9259455e-16,0
514,2.1259862e-12,0
515,4.3412805e-13,0
516,8.009818e-14,0
517,6.8254465e-16,0
518,1.2599452e-14,0
519,6.4577176e-12,0
520,1.8530429e-11,0
521,2.3872196e-10,0
522,3.0725934e-12,0
523,2.936699e-22,0
524,1.0452569e-14,0
525,1.1630436e-09,0
526,1.6560617e-11,0
527,1.301234e-12,0
528,1.4714238e-15,0
529,3.7865276e-19,0
530,1.2077434e-18,0
531,1.6490523e-18,0
532,4.370706e-18,0
533,1.36079e-19,0
534,8.981301e-15,0
535,3.2414467e-11,0
536,6.728644e-12,0
537,5.7561737e-11,0
538,4.4504535e-11,0
539,3.282582e-13,0
540,2.777741e-13,0
541,1.450803e-13,0
542,2.1847865e-13,0
543,3.0919172e-16,0
544,9.310594e-20,0
545,1.6226774e-15,0
546,3.2142897e-15,0
547,7.553581e-16,0
548,4.3388365e-14,0
549,1.1428851e-16,0
550,7.4579935e-20,0
551,2.2771063e-17,0
552,9.923571e-18,0
553,1.5633482e-17,0
554,3.0561369e-18,0
555,6.9872267e-16,0
556,3.9707532e-15,0
557,2.8134596e-14,0
558,5.010683e-15,0
559,2.1175815e-15,0
560,7.634385e-13,0
561,9.413188e-14,0
562,1.0064523e-15,0
563,1.4351093e-14,0
564,5.9872456e-14,0
565,4.890745e-16,0
566,6.015834e-12,0
567,2.759782e-12,0
568,1.8865408e-11,0
569,2.237489e-13,0
570,4.4737418e-17,0
571,9.109655e-16,0
572,1.0846874e-14,0
573,3.6833482e-14,0
574,9.972772e-14,0
575,9.473043e-17,0
576,8.1268353e-10,0
577,2.45816e-07,0
578,1.371688e-07,0
579,2.6042293e-10,0
580,4.4817817e-12,0
581,1.01594836e-17,0
582,1.5697603e-17,0
583,5.104259e-19,0
584,1.8058108e-18,0
585,3.9664613e-19,0
586,5.8076385e-16,0
587,2.2426928e-17,0
588,4.6117395e-18,0
589,6.2959324e-17,0
590,4.485135e-19,0
591,1.2758718e-22,0
592,6.27081e-18,0
593,6.3089634e-17,0
594,1.4072584e-17,0
595,6.1630655e-20,0
596,1.2068317e-25,0
597,1.0250086e-21,0
598,4.5825206e-19,0
599,2.6010007e-19,0
600,1.0806502e-18,0
601,2.5410217e-18,0
602,6.910201e-15,0
603,7.529448e-15,0
604,2.4736328e-14,0
605,1.2975255e-13,0
606,9.173437e-16,0
607,4.4169922e-14,0
608,9.6810716e-14,0
609,2.143464e-14,0
610,4.8915523e-14,0
611,8.5465164e-14,0
612,3.4351935e-16,0
613,2.0940935e-11,0
614,7.7679596e-14,0
615,9.9783615e-15,0
616,9.339312e-18,0
617,1.0313012e-18,0
618,8.2438545e-20,0
619,1.5317992e-19,0
620,2.0550423e-20,0
621,2.5148559e-21,0
622,4.6180823e-23,0
623,2.0580312e-20,0
624,2.8911786e-16,0
625,4.1670907e-14,0
626,1.5573457e-13,0
627,7.1617355e-18,0
628,1.9210493e-20,0
629,5.0574405e-16,0
630,3.273284e-17,0
631,4.5532335e-17,0
632,6.9150625e-20,0
633,6.715171e-23,0
634,6.1255842e-21,0
635,3.635876e-18,0
636,1.1494462e-19,0
637,7.133675e-19,0
638,7.11128e-21,0
639,7.8307457e-19,0
640,9.103021e-16,0
641,4.722606e-15,0
642,3.2517942e-15,0
643,2.308138e-15,0
644,1.8831169e-20,0
645,8.517739e-15,0
646,1.115267e-13,0
647,5.6160067e-14,0
648,2.0643815e-15,0
649,1.1637839e-14,0
650,2.220641e-12,0
651,6.12375e-10,0
652,2.4472405e-10,0
653,2.9973368e-09,0
654,1.2708865e-13,0
655,1.0285211e-15,0
656,4.6144956e-13,0
657,1.3106151e-15,0
658,3.965042e-14,0
659,6.0298456e-17,0
660,1.5729258e-24,0
661,2.6883238e-16,0
662,5.334318e-13,0
663,6.172554e-14,0
664,4.2746338e-14,0
665,1.12976175e-20,0
666,5.001123e-20,0
667,6.574671e-15,0
668,4.140962e-13,0
669,3.481794e-14,0
670,8.890386e-16,0
671,6.37731e-20,0
672,5.748712e-19,0
673,1.5075362e-15,0
674,9.4029816e-17,0
675,6.201141e-16,0
676,3.3396572e-22,0
677,3.725847e-19,0
678,2.2483037e-13,0
679,6.64584e-12,0
680,5.7650323e-10,0
681,3.2373288e-09,0
682,2.5327704e-15,0
683,1.6217158e-18,0
684,1.8109145e-19,0
685,7.7813744e-19,0
686,2.5778668e-19,0
687,3.2236006e-13,0
688,1.2540056e-12,0
689,2.7912778e-10,0
690,1.9344944e-10,0
691,3.0289755e-12,0
692,4.2457767e-19,0
693,1.8947034e-20,0
694,1.2792219e-19,0
695,4.3072758e-20,0
696,1.0433186e-18,0
697,2.1779379e-21,0
698,1.2850242e-09,0
699,7.4756116e-08,0
700,3.5682624e-09,0
701,2.9801668e-09,0
702,1.23539365e-11,0
703,1.9830255e-15,0
704,1.986123e-14,0
705,1.2194397e-14,0
706,1.3100088e-13,0
707,9.238695e-14,0
708,5.604316e-16,0
709,3.7682246e-13,0
710,6.706194e-13,0
711,3.019769e-12,0
712,8.120765e-13,0
713,2.1133046e-15,0
714,6.403276e-11,0
715,4.9448792e-11,0
716,8.1694304e-11,0
717,4.0330494e-13,0
718,3.0097608e-14,0
719,7.442125e-15,0
720,2.5513503e-11,0
721,2.618362e-12,0
722,9.357794e-12,0
723,1.34941064e-14,0
724,7.8818185e-10,0
725,2.9021723e-09,0
726,5.2662923e-09,0
727,6.550173e-08,0
728,1.9374343e-07,0
729,2.0526967e-15,0
730,2.7352318e-11,0
731,2.4855682e-12,0
732,5.2642908e-14,0
733,3.4506762e-17,0
734,9.630098e-21,0
735,1.2276292e-17,0
736,1.0295692e-15,0
737,1.1881315e-16,0
738,3.8915e-16,0
739,2.6211335e-17,0
740,3.0706075e-16,0
741,2.7070054e-13,0
742,6.78757e-14,0
743,1.8380191e-15,0
744,1.16982215e-17,0
745,3.759041e-18,0
746,3.7735413e-16,0
747,5.838205e-15,0
748,7.851819e-15,0
749,3.0018015e-15,0
750,1.5939976e-20,0
751,6.315739e-14,0
752,1.9042248e-12,0
753,2.4202593e-12,0
754,2.9608757e-12,0
755,7.804756e-15,0
756,5.3479586e-17,0
757,2.6279845e-15,0
758,1.6558925e-17,0
759,3.5836627e-17,0
760,5.5436685e-18,0
761,9.44108e-17,0
762,7.735128e-16,0
763,5.0828933e-16,0
764,5.229654e-18,0
765,4.0573026e-19,0
766,1.9081729e-20,0
767,1.2552879e-20,0
768,2.8225857e-18,0
769,2.7572639e-18,0
770,4.1557854e-19,0
771,3.911846e-16,0
772,9.465689e-14,0
773,2.3271553e-15,0
774,5.75296e-14,0
775,1.8571754e-15,0
776,2.336899e-20,0
777,1.3167042e-14,0
778,3.5608138e-11,0
779,4.4313247e-12,0
780,4.080574e-13,0
781,1.1212838e-17,0
782,1.8344468e-15,0
783,6.031845e-14,0
784,5.500449e-16,0
785,6.190751e-13,0
786,4.1709634e-14,0
787,9.278343e-17,0
788,1.07735584e-13,0
789,1.8368935e-12,0
790,1.1311167e-11,0
791,7.346848e-13,0
792,7.211294e-20,0
793,5.177062e-15,0
794,2.1724658e-13,0
795,2.845303e-15,0
796,4.1747935e-17,0
797,1.2964661e-18,0
798,2.38451e-19,0
799,2.2642273e-16,0
800,9.618589e-17,0
801,4.1028165e-17,0
802,2.449826e-19,0
803,7.8299954e-20,0
804,2.9002322e-19,0
805,1.0464242e-17,0
806,2.7235222e-16,0
807,1.1258963e-16,0
808,3.747813e-12,0
809,5.2086747e-08,0
810,8.822977e-10,0
811,2.6204804e-08,0
812,2.2421043e-08,0
813,2.03382e-14,0
814,1.586235e-18,0
815,7.0677602e-15,0
816,2.643961e-16,0
817,2.5131893e-19,0
818,8.0392494e-22,0
819,5.698614e-15,0
820,4.110281e-13,0
821,8.221576e-15,0
822,1.9918552e-14,0
823,2.0513173e-17,0
824,2.2423057e-19,0
825,9.607856e-15,0
826,1.0012946e-14,0
827,4.219574e-14,0
828,4.611251e-16,0
829,3.9545813e-14,0
830,6.0786606e-12,0
831,6.417263e-11,0
832,9.897028e-11,0
833,1.8886658e-10,0
834,5.537439e-16,0
835,9.16293e-19,0
836,1.1902046e-16,0
837,2.9012733e-18,0
838,4.680148e-18,0
839,1.5155234e-21,0
840,9.1492334e-20,0
841,6.8319514e-18,0
842,8.79045e-19,0
843,8.722384e-17,0
844,3.7289855e-21,0
845,1.8267699e-25,0
846,1.12416874e-20,0
847,1.29171275e-17,0
848,1.0925337e-18,0
849,5.373003e-19,0
850,7.462742e-21,0
851,5.889139e-22,0
852,1.9490102e-20,0
853,2.5457828e-20,0
854,8.403696e-19,0
855,3.2849126e-20,0
856,4.46844e-16,0
857,2.6158993e-13,0
858,1.2553437e-15,0
859,2.4028415e-15,0
860,2.5989336e-15,0
861,6.3865257e-16,0
862,5.3806614e-16,0
863,2.2162287e-15,0
864,4.8052543e-15,0
865,3.0034755e-14,0
866,1.03429804e-13,0
867,8.287921e-12,0
868,2.8005728e-10,0
869,1.6901017e-10,0
870,2.076714e-12,0
871,1.6213884e-10,0
872,7.742618e-11,0
873,4.8299765e-13,0
874,4.2592535e-13,0
875,6.7888878e-15,0
876,1.7316037e-18,0
877,7.285112e-14,0
878,1.0120253e-11,0
879,3.7434097e-13,0
880,1.3481747e-12,0
881,1.0000373e-17,0
882,2.9418097e-16,0
883,2.6994752e-15,0
884,4.565234e-17,0
885,5.596033e-14,0
886,7.210895e-16,0
887,6.76358e-23,0
888,3.2373131e-15,0
889,1.0171791e-14,0
890,1.297131e-15,0
891,6.462548e-16,0
892,2.3148855e-21,0
893,1.3552042e-21,0
894,1.1651644e-16,0
895,1.0207803e-18,0
896,1.6456659e-17,0
897,7.296911e-20,0
898,8.8593395e-24,0
899,9.7072206e-21,0
900,2.1439042e-19,0
901,2.0002154e-18,0
902,3.378035e-20,0
903,1.2542731e-20,0
904,2.3038668e-19,0
905,9.691652e-19,0
906,7.5976656e-20,0
907,5.402493e-20,0
908,1.2728039e-23,0
909,3.853298e-17,0
910,8.798889e-15,0
911,4.088335e-16,0
912,1.18283255e-14,0
913,4.0640315e-16,0
914,4.9075665e-23,0
915,8.91443e-12,0
916,3.537768e-08,0
917,9.242247e-08,0
918,1.5906488e-11,0
919,5.370842e-15,0
920,5.0689326e-16,0
921,1.357573e-15,0
922,1.1841486e-18,0
923,5.9371583e-16,0
924,1.071905e-18,0
925,8.3613783e-22,0
926,9.023166e-14,0
927,2.6396767e-13,0
928,4.3787941e-13,0
929,1.7650033e-13,0
930,2.4442382e-16,0
931,2.0447454e-18,0
932,5.050426e-11,0
933,1.8424164e-12,0
934,6.942009e-12,0
935,9.632064e-17,0
936,8.695677e-24,0
937,1.289253e-22,0
938,1.3336004e-18,0
939,8.5918987e-19,0
940,7.695363e-17,0
941,3.2634193e-19,0
942,1.3331235e-16,0
943,9.152697e-11,0
944,6.095991e-10,0
945,1.3329706e-09,0
946,2.1922679e-12,0
947,2.0033836e-19,0
948,1.0775283e-21,0
949,5.7005055e-15,0
950,4.0374113e-14,0
951,1.4012703e-12,0
952,3.725098e-17,0
953,5.014237e-24,0
954,5.00611e-18,0
955,4.0090227e-12,0
956,1.0195026e-13,0
957,2.208251e-10,0
958,8.93495e-14,0
959,4.146021e-24,0
960,3.2833035e-16,0
961,1.8593357e-13,0
962,1.5769461e-15,0
963,1.65839e-13,0
964,2.684825e-19,0
965,1.749372e-24,0
966,7.508864e-20,0
967,4.080167e-18,0
968,8.816583e-18,0
969,2.9250992e-18,0
970,7.045842e-24,0
971,1.2219912e-22,0
972,2.1358238e-18,0
973,1.5699137e-20,0
974,8.858415e-19,0
975,2.001099e-20,0
976,2.841406e-25,0
977,5.241734e-19,0
978,2.423748e-15,0
979,1.4771869e-17,0
980,3.0311296e-17,0
981,3.12822e-24,0
982,2.6514083e-21,0
983,5.2885633e-15,0
984,1.6664158e-12,0
985,2.1395926e-13,0
986,5.651753e-12,0
987,1.2724598e-22,0
988,1.6882226e-26,0
989,7.617124e-16,0
990,1.3786939e-15,0
991,9.672167e-16,0
992,2.2175395e-15,0
993,4.3986934e-16,0
994,4.788164e-15,0
995,8.190415e-11,0
996,1.9351935e-12,0
997,8.669926e-12,0
998,4.9432237e-17,0
999,9.2993235e-24,0
1000,1.4452715e-12,0
1001,1.7303861e-06,0
1002,1.4696275e-07,0
1003,6.284857e-07,0
1004,1.027184e-15,0
1005,6.610355e-23,0
1006,2.2724898e-17,0
1007,2.2449463e-15,0
1008,7.4324157e-17,0
1009,1.2925705e-13,0
1010,7.1525075e-18,0
1011,2.0970195e-22,0
1012,2.1893887e-16,0
1013,2.696993e-16,0
1014,1.0371056e-16,0
1015,2.8055668e-21,0
1016,1.6702488e-25,0
1017,2.5198647e-24,0
1018,6.90366e-17,0
1019,1.27371115e-17,0
1020,1.0880015e-16,0
1021,2.5673385e-18,0
1022,3.653614e-20,0
1023,5.4562284e-16,0
1024,4.0976764e-14,0
1025,2.3963627e-13,0
1026,1.5469815e-16,0
1027,1.3729665e-17,0
1028,3.1386718e-21,0
1029,2.87366e-14,0
1030,4.5488263e-16,0
1031,8.07857e-14,0
1032,2.3106982e-18,0
1033,1.7019226e-13,0
1034,8.5684694e-14,0
1035,3.0827018e-12,0
1036,4.025013e-12,0
1037,1.4969727e-14,0
1038,3.8428352e-23,0
1039,1.3757169e-20,0
1040,7.04092e-18,0
1041,5.268376e-19,0
1042,1.4510103e-17,0
1043,2.2474544e-17,0
1044,6.120551e-17,0
1045,1.4130123e-12,0
1046,1.2933078e-13,0
1047,1.2225331e-13,0
1048,5.216727e-16,0
1049,7.4904064e-21,0
1050,1.3621795e-15,0
1051,4.00701e-13,0
1052,2.6932626e-15,0
1053,3.762416e-16,0
1054,4.4912156e-18,0
1055,2.144489e-15,0
1056,3.3314065e-10,0
1057,4.3201618e-07,0
1058,2.473483e-07,0
1059,9.052688e-12,0
1060,2.69657e-17,0
1061,6.625747e-18,0
1062,1.8529562e-17,0
1063,9.6091076e-21,0
1064,5.001068e-19,0
1065,1.2902167e-23,0
1066,2.2899965e-19,0
1067,6.40742e-14,0
1068,8.656864e-14,0
1069,7.1447436e-12,0
1070,8.791725e-19,0
1071,4.614253e-19,0
1072,1.0328515e-12,0
1073,3.2153263e-11,0
1074,3.5730193e-11,0
1075,6.1905675e-11,0
1076,5.3173086e-15,0
1077,6.699394e-20,0
1078,1.6597956e-16,0
1079,3.671641e-18,0
1080,2.041374e-15,0
1081,4.695381e-19,0
1082,1.7279679e-18,0
1083,5.1584884e-16,0
1084,1.7950032e-15,0
1085,3.7994675e-17,0
1086,4.8789842e-17,0
1087,7.2320104e-20,0
1088,5.5017685e-17,0
1089,0.00024773285,0
1090,0.99999386,1
1091,0.99999934,1
1092,4.6858568e-07,0
1093,4.3651435e-13,0
1094,2.4611943e-14,0
1095,2.145055e-14,0
1096,1.620827e-16,0
1097,9.033115e-15,0
1098,5.3981724e-18,0
1099,3.1283273e-24,0
1100,4.7943613e-14,0
1101,1.0288872e-09,0
1102,4.2620104e-12,0
1103,5.588462e-13,0
1104,1.0562815e-18,0
1105,3.808745e-22,0
1106,1.4236357e-16,0
1107,6.58509e-14,0
1108,4.134765e-14,0
1109,3.2099386e-16,0
1110,5.472244e-21,0
1111,1.444304e-20,0
1112,2.9799415e-15,0
1113,6.8300825e-16,0
1114,3.0062666e-14,0
1115,8.190511e-18,0
1116,5.2828554e-23,0
1117,1.1520693e-15,0
1118,7.2028934e-09,0
1119,4.4089373e-14,0
1120,3.5282233e-10,0
1121,1.8836234e-16,0
1122,3.4200353e-26,0
1123,2.0211808e-23,0
1124,2.4430475e-14,0
1125,7.1606237e-12,0
1126,2.4277667e-09,0
1127,1.2738504e-12,0
1128,3.20911e-21,0
1129,2.6511e-13,0
1130,5.146596e-09,0
1131,1.3671865e-09,0
1132,7.7504274e-07,0
1133,2.115294e-10,0
1134,2.4539988e-18,0
1135,2.9772664e-11,0
1136,1.4506827e-11,0
1137,2.223521e-14,0
1138,7.009663e-13,0
1139,1.2699462e-17,0
1140,4.3315828e-26,0
1141,3.1772493e-18,0
1142,2.420358e-14,0
1143,3.1408385e-14,0
1144,4.6351858e-15,0
1145,1.756184e-18,0
1146,9.834535e-15,0
1147,1.7300977e-11,0
1148,1.5599816e-14,0
1149,1.0285418e-13,0
1150,3.346844e-14,0
1151,3.094994e-18,0
1152,4.296044e-16,0
1153,7.770296e-15,0
1154,3.117746e-14,0
1155,4.958297e-16,0
1156,1.6626944e-20,0
1157,4.8519677e-14,0
1158,3.268191e-11,0
1159,7.660533e-11,0
1160,2.0200753e-11,0
1161,6.369644e-11,0
1162,4.199042e-15,0
1163,1.0060805e-14,0
1164,4.442192e-19,0
1165,3.1744872e-18,0
1166,3.375864e-24,0
1167,1.8308431e-26,0
1168,1.3725332e-15,0
1169,4.2083617e-10,0
1170,2.242352e-12,0
1171,3.8330008e-13,0
1172,5.2947666e-20,0
1173,7.953283e-24,0
1174,2.5748005e-19,0
1175,2.496099e-17,0
1176,2.3855616e-15,0
1177,7.477262e-17,0
1178,2.7899847e-21,0
1179,3.5771028e-19,0
1180,3.104538e-17,0
1181,2.157682e-17,0
1182,2.2526216e-17,0
1183,2.5171673e-22,0
1184,4.3084019e-16,0
1185,4.2032017e-11,0
1186,4.1088816e-11,0
1187,2.8339081e-11,0
1188,9.600005e-13,0
1189,5.0276154e-20,0
1190,9.346163e-16,0
1191,9.466046e-15,0
1192,1.2437798e-15,0
1193,8.7111494e-16,0
1194,1.1260203e-17,0
1195,5.036198e-19,0
1196,1.60681e-15,0
1197,4.625768e-16,0
1198,3.5126363e-15,0
1199,1.747863e-18,0
1200,1.2458198e-18,0
1201,8.258278e-18,0
1202,5.388749e-18,0
1203,4.4018803e-17,0
1204,1.4693535e-16,0
1205,4.114363e-19,0
1206,1.6703139e-16,0
1207,8.152965e-14,0
1208,8.7960365e-15,0
1209,1.5591248e-18,0
1210,9.718322e-24,0
1211,1.7557503e-16,0
1212,1.854185e-11,0
1213,3.3433258e-12,0
1214,1.7555281e-10,0
1215,7.551983e-12,0
1216,4.4248544e-20,0
1217,9.97622e-17,0
1218,7.7765486e-16,0
1219,1.5462447e-15,0
1220,2.4285022e-17,0
1221,2.206011e-18,0
1222,9.55141e-12,0
1223,1.3530043e-06,0
1224,4.434708e-08,0
1225,1.9122917e-05,0
1226,2.8614004e-12,0
1227,9.7533854e-23,0
1228,7.491277e-14,0
1229,2.2522763e-11,0
1230,1.265836e-12,0
1231,4.765368e-11,0
1232,6.3398235e-16,0
1233,1.2416619e-21,0
1234,1.4581748e-16,0
1235,8.408483e-17,0
1236,2.9760442e-16,0
1237,1.4564775e-18,0
1238,2.4856679e-23,0
1239,6.469941e-18,0
1240,6.502941e-13,0
1241,1.2823667e-14,0
1242,1.1754033e-12,0
1243,9.358364e-16,0
1244,7.96437e-23,0
1245,3.6536012e-19,0
1246,1.3251865e-19,0
1247,5.0029357e-20,0
1248,2.9890634e-21,0
1249,8.866727e-20,0
1250,1.9008216e-19,0
1251,6.3746656e-14,0
1252,3.5257336e-14,0
1253,7.616566e-14,0
1254,2.1095771e-21,0
1255,1.3525831e-25,0
1256,1.9777478e-20,0
1257,3.3117046e-17,0
1258,2.6955272e-20,0
1259,3.61003e-19,0
1260,4.0392994e-25,0
1261,3.25378e-30,0
1262,1.4920843e-21,0
1263,1.10223785e-17,0
1264,1.9672314e-17,0
1265,6.571384e-16,0
1266,8.357045e-21,0
1267,8.1124114e-23,0
1268,5.82971e-13,0
1269,1.2881533e-12,0
1270,3.719186e-12,0
1271,1.831319e-14,0
1272,7.52392e-19,0
1273,1.9267066e-21,0
1274,2.0844604e-12,0
1275,2.3078124e-15,0
1276,9.972435e-13,0
1277,1.3978919e-14,0
1278,2.2755687e-18,0
1279,6.954327e-18,0
1280,3.9871596e-16,0
1281,3.596152e-17,0
1282,3.8239112e-16,0
1283,9.290908e-19,0
1284,6.7796124e-18,0
1285,1.0036961e-14,0
1286,9.153761e-15,0
1287,1.1266198e-13,0
1288,1.0628552e-15,0
1289,5.384511e-20,0
1290,4.0940143e-17,0
1291,6.39264e-17,0
1292,1.0994075e-17,0
1293,3.9571214e-19,0
1294,2.4349421e-23,0
1295,3.440349e-15,0
1296,6.6651046e-10,0
1297,4.6626006e-12,0
1298,1.1203386e-10,0
1299,7.905161e-16,0
1300,2.8376153e-17,0
1301,1.2894826e-13,0
1302,1.995436e-08,0
1303,2.2610838e-10,0
1304,2.2901106e-11,0
1305,1.0022905e-17,0
1306,3.3823897e-22,0
1307,9.247169e-19,0
1308,5.6806106e-19,0
1309,8.455629e-19,0
1310,2.872135e-19,0
1311,3.875964e-21,0
1312,8.6796415e-15,0
1313,9.320312e-09,0
1314,7.080984e-11,0
1315,1.2202555e-12,0
1316,2.66678e-18,0
1317,8.851801e-25,0
1318,1.3032132e-20,0
1319,4.1294796e-16,0
1320,2.180519e-17,0
1321,1.3910982e-15,0
1322,3.6807086e-21,0
1323,5.5566247e-26,0
1324,2.8674697e-20,0
1325,9.033505e-20,0
1326,2.1188126e-20,0
1327,3.402473e-23,0
1328,1.9018088e-26,0
1329,7.472973e-20,0
1330,4.5514675e-11,0
1331,7.4149645e-11,0
1332,4.2111398e-10,0
1333,1.1910739e-13,0
1334,2.6947368e-19,0
1335,4.350041e-21,0
1336,5.916983e-18,0
1337,2.274925e-19,0
1338,3.0647412e-18,0
1339,5.7117796e-23,0
1340,2.1771404e-21,0
1341,1.1261638e-14,0
1342,9.675017e-14,0
1343,3.2079337e-14,0
1344,2.7631302e-17,0
1345,3.5334855e-20,0
1346,1.2321895e-17,0
1347,6.153245e-13,0
1348,3.4443097e-14,0
1349,2.727113e-13,0
1350,1.803539e-18,0
1351,5.2376717e-21,0
1352,2.209542e-16,0
1353,2.3290016e-12,0
1354,9.619453e-13,0
1355,1.0762509e-13,0
1356,1.991232e-18,0
1357,1.9442058e-20,0
1358,2.1376345e-17,0
1359,2.776528e-17,0
1360,3.9569895e-17,0
1361,6.039278e-19,0
1362,2.4414088e-21,0
1363,1.4304831e-17,0
1364,1.4211876e-17,0
1365,9.024702e-17,0
1366,2.5160995e-16,0
1367,5.100016e-19,0
1368,1.9167548e-14,0
1369,5.268741e-10,0
1370,2.8871545e-13,0
1371,1.6444275e-12,0
1372,1.2521243e-16,0
1373,6.6674896e-23,0
1374,2.3685107e-18,0
1375,5.960441e-16,0
1376,4.617619e-18,0
1377,2.4176944e-19,0
1378,3.6627986e-26,0
1379,6.689836e-22,0
1380,1.1461783e-14,0
1381,1.7241672e-12,0
1382,1.6808837e-11,0
1383,1.031676e-12,0
1384,3.243229e-18,0
1385,8.333151e-18,0
1386,3.9378955e-17,0
1387,5.715434e-18,0
1388,6.1760866e-18,0
1389,3.203024e-18,0
1390,5.475996e-16,0
1391,2.8695494e-12,0
1392,2.5225344e-08,0
1393,1.4051025e-06,0
1394,1.0298595e-12,0
1395,4.771506e-19,0
1396,1.1944794e-17,0
1397,8.8621715e-18,0
1398,6.5791997e-19,0
1399,1.0906095e-19,0
1400,3.8254463e-22,0
1401,3.8452473e-19,0
1402,1.2829299e-13,0
1403,1.7657322e-15,0
1404,4.2509286e-12,0
1405,3.648734e-15,0
1406,2.6046708e-22,0
1407,3.2390995e-18,0
1408,1.9051514e-12,0
1409,1.6477098e-14,0
1410,7.044289e-15,0
1411,6.221936e-19,0
1412,5.7119795e-22,0
1413,3.4024943e-18,0
1414,9.612863e-18,0
1415,4.2118402e-17,0
1416,5.081701e-20,0
1417,2.5531672e-18,0
1418,1.2731805e-11,0
1419,2.2875632e-09,0
1420,3.289635e-08,0
1421,2.718165e-07,0
1422,1.5947103e-11,0
1423,1.1265907e-19,0
1424,1.9107097e-18,0
1425,8.328662e-20,0
1426,7.762315e-18,0
1427,3.32423e-20,0
1428,3.255472e-20,0
1429,8.976359e-17,0
1430,8.1272794e-15,0
1431,1.4036415e-14,0
1432,2.86824e-17,0
1433,1.3999316e-20,0
1434,2.238572e-18,0
1435,1.2854215e-16,0
1436,1.4549832e-19,0
1437,9.431214e-18,0
1438,1.791702e-19,0
1439,1.5926119e-20,0
1440,2.1353372e-16,0
1441,2.7555843e-16,0
1442,2.9417563e-14,0
1443,2.4093013e-16,0
1444,9.122677e-20,0
1445,1.1060845e-15,0
1446,9.186377e-12,0
1447,7.8812875e-15,0
1448,6.6792704e-17,0
1449,2.8457503e-21,0
1450,1.378488e-16,0
1451,8.7692633e-16,0
1452,2.6088267e-15,0
1453,3.1583558e-14,0
1454,3.7268674e-13,0
1455,5.456648e-15,0
1456,2.062758e-13,0
1457,3.0253092e-12,0
1458,2.3308978e-13,0
1459,1.3019705e-13,0
1460,5.10547e-18,0
1461,9.990296e-20,0
1462,1.4787351e-20,0
1463,1.2952888e-19,0
1464,2.915894e-20,0
1465,1.7250492e-19,0
1466,3.4931652e-16,0
1467,3.4938182e-16,0
1468,1.6141632e-16,0
1469,2.4495213e-16,0
1470,8.122593e-17,0
1471,1.04869396e-17,0
1472,2.6635977e-18,0
1473,2.3160726e-18,0
1474,5.078463e-21,0
1475,8.3926526e-17,0
1476,2.2755938e-11,0
1477,2.9315106e-11,0
1478,2.4591815e-10,0
1479,3.4955222e-10,0
1480,8.056493e-17,0
1481,6.8979563e-22,0
1482,1.9263999e-19,0
1483,2.8085024e-20,0
1484,8.6195446e-18,0
1485,5.9852897e-19,0
1486,1.04238716e-19,0
1487,3.4473169e-12,0
1488,3.4125916e-12,0
1489,5.587826e-12,0
1490,1.3436058e-15,0
1491,4.304976e-20,0
1492,6.1859805e-21,0
1493,6.229328e-17,0
1494,3.1858179e-18,0
1495,7.711761e-17,0
1496,7.180963e-19,0
1497,3.9687576e-21,0
1498,7.17777e-16,0
1499,2.4520352e-13,0
1500,2.3522493e-14,0
1501,7.679824e-16,0
1502,7.940502e-21,0
1503,4.618882e-20,0
1504,1.1912777e-14,0
1505,1.0148797e-12,0
1506,6.429377e-12,0
1507,8.808863e-15,0
1508,6.718575e-24,0
1509,1.8330893e-23,0
1510,4.2321816e-17,0
1511,4.9772375e-20,0
1512,1.14322465e-17,0
1513,2.0388416e-18,0
1514,1.9295182e-19,0
1515,8.7952903e-13,0
1516,5.313608e-11,0
1517,3.3444994e-12,0
1518,5.2872923e-15,0
1519,6.577102e-16,0
1520,4.1255102e-13,0
1521,9.360792e-08,0
1522,1.2631292e-05,0
1523,0.0001606074,0
1524,3.692331e-10,0
1525,6.389339e-20,0
1526,8.2147035e-17,0
1527,1.6966248e-15,0
1528,3.2796483e-16,0
1529,2.4257986e-17,0
1530,1.2388581e-18,0
1531,2.177861e-15,0
1532,3.994048e-12,0
1533,7.0256214e-12,0
1534,1.3835932e-08,0
1535,1.0610411e-14,0
1536,8.523295e-23,0
1537,2.8140954e-16,0
1538,1.4694277e-14,0
1539,4.5010107e-17,0
1540,2.547857e-16,0
1541,5.1928376e-18,0
1542,1.0506484e-16,0
1543,6.7458017e-15,0
1544,2.1795764e-12,0
1545,6.698718e-12,0
1546,3.532414e-16,0
1547,2.9859963e-22,0
1548,1.1427364e-17,0
1549,1.1758863e-14,0
1550,8.726308e-14,0
1551,1.9125459e-12,0
1552,4.759352e-16,0
1553,8.891945e-16,0
1554,3.0148454e-14,0
1555,7.15923e-16,0
1556,5.1241447e-17,0
1557,2.9048253e-20,0
1558,6.616782e-25,0
1559,1.0123305e-18,0
1560,7.8596065e-16,0
1561,1.02090214e-16,0
1562,4.302916e-16,0
1563,1.563978e-20,0
1564,4.2118564e-17,0
1565,6.5272156e-15,0
1566,3.5416584e-15,0
1567,5.4364734e-15,0
1568,4.7434745e-16,0
1569,5.570561e-21,0
1570,2.4645097e-15,0
1571,1.5690068e-16,0
1572,4.494258e-14,0
1573,1.1084373e-15,0
1574,2.359756e-16,0
1575,4.4968576e-17,0
1576,3.9678157e-15,0
1577,4.9937166e-16,0
1578,4.8818723e-16,0
1579,2.0208002e-18,0
1580,1.1172299e-21,0
1581,1.04697163e-16,0
1582,2.0901805e-17,0
1583,9.021196e-16,0
1584,1.1327623e-18,0
1585,1.7965664e-21,0
1586,2.4145494e-13,0
1587,1.1509833e-09,0
1588,2.7269066e-12,0
1589,8.72568e-09,0
1590,3.5994356e-15,0
1591,9.722256e-23,0
1592,8.126117e-19,0
1593,1.5242474e-16,0
1594,2.3389907e-16,0
1595,8.3214057e-16,0
1596,1.684576e-17,0
1597,1.8904587e-12,0
1598,6.7587007e-09,0
1599,1.1866619e-12,0
1600,2.9041808e-10,0
1601,1.5332744e-13,0
1602,8.0105625e-15,0
1603,2.7202832e-08,0
1604,1.817054e-06,0
1605,2.9423207e-08,0
1606,4.4173382e-10,0
1607,8.891568e-17,0
1608,2.5524545e-19,0
1609,3.7713224e-14,0
1610,2.6183393e-14,0
1611,4.667973e-13,0
1612,3.4606156e-17,0
1613,3.233733e-23,0
1614,7.961424e-15,0
1615,2.6020803e-13,0
1616,7.1694275e-15,0
1617,3.0756883e-13,0
1618,3.7014566e-17,0
1619,4.051464e-23,0
1620,1.1580839e-15,0
1621,2.1305969e-13,0
1622,2.6125774e-14,0
1623,2.3437805e-14,0
1624,3.820504e-21,0
1625,1.1440562e-20,0
1626,7.399291e-16,0
1627,1.004125e-14,0
1628,7.066416e-14,0
1629,3.4297088e-15,0
1630,2.4660562e-19,0
1631,8.001932e-12,0
1632,3.0870282e-11,0
1633,1.0710678e-13,0
1634,1.3279662e-13,0
1635,3.3786363e-15,0
1636,1.693168e-20,0
1637,4.9918516e-12,0
1638,6.194233e-10,0
1639,3.8460787e-10,0
1640,5.4395854e-15,0
1641,3.1362814e-19,0
1642,7.685758e-20,0
1643,5.9196994e-16,0
1644,3.2797573e-18,0
1645,5.3886082e-17,0
1646,2.375856e-20,0
1647,3.8735085e-22,0
1648,6.373341e-14,0
1649,1.3820134e-12,0
1650,2.4276334e-12,0
1651,5.3268098e-15,0
1652,1.5988004e-15,0
1653,1.0346206e-15,0
1654,6.463682e-12,0
1655,1.9391091e-13,0
1656,2.8545933e-11,0
1657,7.8504166e-14,0
1658,8.634119e-19,0
1659,6.722572e-17,0
1660,1.2168031e-17,0
1661,7.566032e-18,0
1662,5.990217e-21,0
1663,1.6621008e-17,0
1664,1.3736424e-13,0
1665,4.6107043e-09,0
1666,1.1314172e-10,0
1667,5.7782397e-11,0
1668,4.1107435e-17,0
1669,1.02303695e-19,0
1670,5.4454345e-17,0
1671,6.853901e-19,0
1672,1.0845291e-16,0
1673,1.9228978e-19,0
1674,4.7465782e-20,0
1675,2.0352779e-15,0
1676,1.0750199e-13,0
1677,8.91585e-14,0
1678,5.7373086e-15,0
1679,3.2877277e-16,0
1680,1.1980585e-15,0
1681,7.580112e-15,0
1682,3.179312e-17,0
1683,3.5716373e-18,0
1684,1.2557999e-21,0
1685,3.1271118e-23,0
1686,4.2121753e-18,0
1687,1.1959254e-16,0
1688,2.3714534e-14,0
1689,3.5938327e-14,0
1690,6.018604e-11,0
1691,2.7459938e-12,0
1692,2.6497806e-13,0
1693,2.811562e-13,0
1694,5.701873e-16,0
1695,1.6953275e-19,0
1696,1.3970251e-11,0
1697,2.224221e-10,0
1698,1.5894872e-11,0
1699,2.3221583e-11,0
1700,3.3081459e-12,0
1701,1.1246514e-16,0
1702,7.589139e-15,0
1703,3.082309e-15,0
1704,1.3603413e-15,0
1705,2.5890613e-20,0
1706,1.1404e-21,0
1707,5.8318503e-19,0
1708,1.4173159e-18,0
1709,1.2295662e-15,0
1710,3.7693201e-19,0
1711,5.236633e-21,0
1712,7.15271e-15,0
1713,8.72863e-12,0
1714,4.0395237e-13,0
1715,7.2433e-13,0
1716,3.7448343e-15,0
1717,1.2217766e-15,0
1718,1.7609665e-11,0
1719,3.941321e-14,0
1720,2.1350929e-12,0
1721,1.0678098e-14,0
1722,1.4996196e-17,0
1723,7.5807557e-13,0
1724,2.8319982e-09,0
1725,6.2010064e-10,0
1726,1.0732105e-10,0
1727,5.591943e-19,0
1728,2.9863553e-18,0
1729,3.3590127e-11,0
1730,4.5628976e-11,0
1731,4.3478915e-10,0
1732,2.6476302e-08,0
1733,2.5994176e-16,0
1734,2.486854e-15,0
1735,1.3215369e-11,0
1736,1.4993654e-13,0
1737,6.6218726e-13,0
1738,3.8591065e-18,0
1739,2.1795711e-17,0
1740,1.93016e-10,0
1741,1.6576982e-08,0
1742,1.3401545e-09,0
1743,1.5976796e-10,0
1744,1.7093518e-14,0
1745,1.7049879e-15,0
1746,4.9813513e-12,0
1747,1.4190113e-15,0
1748,3.9837352e-14,0
1749,5.250651e-15,0
1750,6.145411e-20,0
1751,4.7599304e-17,0
1752,3.396594e-14,0
1753,5.889185e-14,0
1754,2.401676e-16,0
1755,2.815318e-17,0
1756,5.2650645e-10,0
1757,5.9692644e-05,0
1758,1.4250427e-06,0
1759,9.9615654e-08,0
1760,4.1770218e-10,0
1761,5.925709e-16,0
1762,2.464875e-16,0
1763,7.950915e-17,0
1764,1.2886928e-14,0
1765,1.1322439e-18,0
1766,2.459345e-22,0
1767,6.387476e-12,0
1768,1.14921905e-10,0
1769,4.1958166e-11,0
1770,8.444614e-13,0
1771,4.2555626e-15,0
1772,2.1860347e-15,0
1773,3.867767e-13,0
1774,3.0848045e-14,0
1775,2.4269167e-11,0
1776,1.2132495e-15,0
1777,7.420053e-20,0
1778,7.0949857e-16,0
1779,4.1318275e-16,0
1780,4.4677435e-15,0
1781,6.975635e-18,0
1782,8.1375513e-22,0
1783,1.8024425e-21,0
1784,1.2338257e-18,0
1785,6.7296985e-19,0
1786,1.2177644e-17,0
1787,6.20028e-19,0
1788,9.202768e-17,0
1789,1.9157415e-11,0
1790,1.6382147e-14,0
1791,1.1115744e-12,0
1792,1.3536627e-16,0
1793,5.450809e-20,0
1794,1.3988189e-12,0
1795,1.0078226e-10,0
1796,2.3418134e-11,0
1797,1.4984048e-13,0
1798,1.2786085e-17,0
1799,1.3510291e-20,0
1800,1.177015e-18,0
1801,1.3944485e-18,0
1802,3.780009e-17,0
1803,1.1676821e-17,0
1804,1.5059814e-19,0
1805,5.1619703e-17,0
1806,7.788628e-17,0
1807,8.7049085e-15,0
1808,1.0241396e-16,0
1809,1.4883922e-17,0
1810,1.9645765e-17,0
1811,2.8479064e-17,0
1812,3.626637e-18,0
1813,4.8756355e-17,0
1814,1.544498e-17,0
1815,4.8376564e-13,0
1816,9.7845045e-11,0
1817,6.00623e-11,0
1818,2.3026088e-13,0
1819,1.0579671e-18,0
1820,8.1793604e-19,0
1821,2.6608e-14,0
1822,2.2717046e-14,0
1823,4.068598e-13,0
1824,1.9326806e-13,0
1825,2.4267352e-12,0
1826,9.979371e-11,0
1827,1.1316896e-09,0
1828,3.8941625e-10,0
1829,6.423098e-13,0
1830,2.1222792e-16,0
1831,1.4350099e-15,0
1832,8.178215e-13,0
1833,6.669799e-17,0
1834,1.7706619e-16,0
1835,8.811661e-21,0
1836,7.332355e-18,0
1837,3.3978185e-14,0
1838,1.051284e-12,0
1839,5.475224e-12,0
1840,9.412323e-15,0
1841,3.577867e-19,0
1842,2.6119209e-17,0
1843,3.2580023e-15,0
1844,4.774193e-15,0
1845,2.5540964e-15,0
1846,4.2271572e-20,0
1847,6.548332e-17,0
1848,2.1576583e-16,0
1849,2.7393482e-17,0
1850,2.415865e-15,0
1851,1.2378537e-15,0
1852,9.063397e-20,0
1853,9.775433e-16,0
1854,3.5410507e-15,0
1855,9.456013e-15,0
1856,7.9381565e-17,0
1857,6.983136e-20,0
1858,6.166176e-18,0
1859,8.4882276e-14,0
1860,2.2647306e-14,0
1861,7.3568094e-19,0
1862,4.3131905e-22,0
1863,2.6690699e-18,0
1864,1.5360021e-17,0
1865,8.706353e-19,0
1866,9.531699e-16,0
1867,1.3766053e-18,0
1868,2.4358833e-13,0
1869,1.5111604e-08,0
1870,1.9570683e-08,0
1871,2.3521584e-07,0
1872,5.8234093e-09,0
1873,3.8389997e-21,0
1874,5.2844556e-20,0
1875,2.3883462e-16,0
1876,1.7963226e-18,0
1877,5.404235e-16,0
1878,7.144572e-18,0
1879,1.6636807e-13,0
1880,4.4131627e-09,0
1881,3.6859038e-07,0
1882,4.9835368e-08,0
1883,4.949263e-09,0
1884,3.8596386e-17,0
1885,7.165623e-16,0
1886,1.4511675e-14,0
1887,2.5809308e-16,0
1888,3.5869293e-18,0
1889,1.0654292e-22,0
1890,5.7928955e-18,0
1891,3.8750795e-12,0
1892,6.684885e-11,0
1893,2.8974045e-09,0
1894,4.277941e-12,0
1895,2.9997583e-19,0
1896,7.0901585e-19,0
1897,4.768696e-15,0
1898,4.6988603e-18,0
1899,8.092303e-20,0
1900,7.130909e-24,0
1901,8.325282e-23,0
1902,9.169714e-19,0
1903,3.7458454e-17,0
1904,1.2343401e-16,0
1905,1.9341261e-17,0
1906,8.0750494e-16,0
1907,1.04499255e-16,0
1908,4.8362744e-16,0
1909,2.7888867e-15,0
1910,2.9039904e-15,0
1911,6.5799835e-17,0
1912,7.550341e-12,0
1913,7.630677e-12,0
1914,4.1457826e-13,0
1915,1.3714186e-15,0
1916,1.1366801e-17,0
1917,4.5267462e-20,0
1918,3.1233808e-15,0
1919,1.4969975e-15,0
1920,6.211872e-14,0
1921,1.9664585e-17,0
1922,9.038075e-12,0
1923,8.9116887e-13,0
1924,7.2652306e-17,0
1925,4.4675072e-14,0
1926,9.3683e-15,0
1927,3.6290512e-22,0
1928,3.3921797e-17,0
1929,6.1252706e-13,0
1930,1.6095898e-14,0
1931,8.844622e-15,0
1932,1.7335781e-20,0
1933,5.811899e-14,0
1934,9.5057736e-08,0
1935,2.6050865e-08,0
1936,6.4102267e-07,0
1937,3.8376488e-08,0
1938,3.6265286e-17,0
1939,2.6450582e-14,0
1940,1.1691174e-13,0
1941,9.634825e-16,0
1942,1.1281282e-15,0
1943,4.7788106e-19,0
1944,2.601513e-22,0
1945,4.7415887e-18,0
1946,8.5307004e-18,0
1947,1.4213657e-18,0
1948,5.2303467e-20,0
1949,2.7539223e-25,0
1950,1.0491226e-16,0
1951,1.462877e-12,0
1952,1.0905108e-13,0
1953,1.0772214e-11,0
1954,1.1634199e-14,0
1955,1.5716753e-20,0
1956,1.7410041e-16,0
1957,3.0458993e-15,0
1958,4.8130326e-15,0
1959,3.4843418e-16,0
1960,2.3726191e-23,0
1961,1.4666599e-16,0
1962,2.1479805e-08,0
1963,1.5541793e-09,0
1964,6.29068e-07,0
1965,4.0923556e-11,0
1966,4.9103403e-22,0
1967,7.70049e-20,0
1968,2.9467178e-16,0
1969,4.1214336e-18,0
1970,5.6624854e-17,0
1971,5.3110915e-20,0
1972,4.8681127e-23,0
1973,1.4509107e-17,0
1974,3.827675e-17,0
1975,3.1443223e-17,0
1976,5.2517015e-19,0
1977,4.9303087e-23,0
1978,1.8857684e-21,0
1979,1.9917135e-15,0
1980,7.239083e-18,0
1981,1.71046e-15,0
1982,3.8452053e-18,0
1983,1.0690445e-22,0
1984,2.863154e-19,0
1985,8.092167e-15,0
1986,3.9129674e-15,0
1987,1.9891082e-16,0
1988,5.116595e-21,0
1989,2.6501935e-22,0
1990,5.109815e-18,0
1991,3.3157495e-17,0
1992,7.207812e-17,0
1993,3.3220644e-19,0
1994,5.588118e-22,0
1995,2.1073224e-16,0
1996,7.958323e-12,0
1997,1.1893543e-11,0
1998,5.53735e-10,0
1999,1.3736542e-15,0
2000,2.0946551e-20,0
2001,1.2255675e-14,0
2002,6.5355845e-16,0
2003,5.970773e-16,0
2004,6.097364e-17,0
2005,1.2213407e-19,0
2006,1.994729e-18,0
2007,1.4028722e-12,0
2008,1.8131775e-16,0
2009,1.0349363e-15,0
2010,1.6066354e-19,0
2011,1.6146585e-20,0
2012,9.038957e-19,0
2013,2.9083667e-17,0
2014,2.0264838e-16,0
2015,5.0068594e-16,0
2016,1.3539932e-16,0
2017,5.501363e-12,0
2018,8.031455e-09,0
2019,2.8312692e-09,0
2020,2.5343363e-11,0
2021,2.4411421e-18,0
2022,2.5313045e-21,0
2023,6.02056e-17,0
2024,1.5389472e-16,0
2025,2.732752e-17,0
2026,6.872808e-18,0
2027,4.2794597e-23,0
2028,7.364166e-19,0
2029,9.0625085e-14,0
2030,3.673734e-15,0
2031,2.3148845e-14,0
2032,3.178692e-18,0
2033,2.0521973e-21,0
2034,8.277611e-18,0
2035,1.7001403e-14,0
2036,1.0907453e-14,0
2037,1.1989219e-16,0
2038,1.798068e-21,0
2039,3.90008e-21,0
2040,1.4545017e-17,0
2041,3.444482e-17,0
2042,1.9294045e-15,0
2043,1.5015364e-18,0
2044,1.7235685e-20,0
2045,5.0387765e-18,0
2046,1.193864e-18,0
2047,7.639574e-20,0
2048,2.4387383e-20,0
2049,2.1672029e-23,0
2050,4.855207e-22,0
2051,1.8017898e-13,0
2052,5.8994216e-12,0
2053,1.9549395e-10,0
2054,1.1479468e-13,0
2055,7.953398e-18,0
2056,2.9638523e-13,0
2057,2.5534815e-08,0
2058,8.2359736e-10,0
2059,7.194712e-08,0
2060,3.2724826e-11,0
2061,2.4551435e-16,0
2062,1.3049815e-09,0
2063,1.4611922e-09,0
2064,7.20726e-10,0
2065,4.775648e-12,0
2066,1.3481178e-16,0
2067,6.888831e-22,0
2068,3.3110878e-16,0
2069,9.128641e-18,0
2070,7.791184e-17,0
2071,4.0442437e-20,0
2072,1.2302789e-23,0
2073,3.2411994e-19,0
2074,1.1611676e-14,0
2075,1.7643495e-14,0
2076,7.7113496e-17,0
2077,5.819779e-20,0
2078,5.760203e-15,0
2079,1.9693188e-13,0
2080,4.578206e-11,0
2081,2.5757176e-09,0
2082,9.866773e-12,0
2083,6.096471e-20,0
2084,6.3970066e-17,0
2085,1.4129234e-12,0
2086,1.2019637e-14,0
2087,2.8838205e-16,0
2088,2.7325273e-21,0
2089,1.4785016e-23,0
2090,6.3061626e-20,0
2091,8.494513e-21,0
2092,2.240654e-20,0
2093,6.5794184e-21,0
2094,1.3173484e-20,0
2095,2.8010384e-17,0
2096,1.7117524e-15,0
2097,2.2083055e-14,0
2098,7.191889e-15,0
2099,6.9904226e-17,0
2100,1.3911466e-14,0
2101,3.4114253e-13,0
2102,1.13183205e-13,0
2103,9.464786e-14,0
2104,7.1910285e-14,0
2105,3.3842552e-18,0
2106,3.6302572e-14,0
2107,5.218339e-16,0
2108,8.1473634e-15,0
2109,2.5334745e-16,0
2110,7.197523e-13,0
2111,2.9639585e-10,0
2112,4.864469e-10,0
2113,1.633945e-11,0
2114,9.630784e-16,0
2115,6.5894654e-21,0
2116,1.7085355e-16,0
2117,1.7682342e-10,0
2118,5.2276274e-11,0
2119,3.0020185e-08,0
2120,1.3516507e-12,0
2121,1.1737347e-15,0
2122,2.8813454e-09,0
2123,2.586664e-11,0
2124,2.4847062e-11,0
2125,1.8896692e-12,0
2126,9.700047e-12,0
2127,1.4104091e-15,0
2128,1.2961626e-13,0
2129,3.9609676e-14,0
2130,7.010531e-17,0
2131,2.964825e-24,0
2132,1.705004e-19,0
2133,5.8552704e-14,0
2134,1.9570762e-15,0
2135,4.7735938e-14,0
2136,3.185984e-13,0
2137,3.9981064e-18,0
2138,6.85169e-16,0
2139,2.7560338e-14,0
2140,1.9901111e-15,0
2141,2.90104e-19,0
2142,2.3591445e-23,0
2143,9.960877e-21,0
2144,2.068725e-15,0
2145,2.356302e-16,0
2146,2.047543e-15,0
2147,1.0420845e-20,0
2148,2.180248e-29,0
2149,3.2948416e-19,0
2150,8.289833e-12,0
2151,8.180536e-14,0
2152,1.0319198e-09,0
2153,7.942863e-14,0
2154,1.10286115e-23,0
2155,1.1863461e-18,0
2156,5.3024937e-18,0
2157,1.2157163e-19,0
2158,3.2996603e-18,0
2159,1.9283977e-21,0
2160,2.2439722e-21,0
2161,1.2406008e-14,0
2162,3.0483869e-15,0
2163,1.0769034e-14,0
2164,3.2360167e-15,0
2165,2.8833367e-16,0
2166,7.329262e-15,0
2167,1.336504e-13,0
2168,3.74532e-15,0
2169,7.473355e-17,0
2170,5.861443e-20,0
2171,1.4583344e-18,0
2172,3.5576742e-13,0
2173,1.4577285e-14,0
2174,6.3561935e-16,0
2175,1.2608583e-22,0
2176,4.3561124e-24,0
2177,3.7843327e-19,0
2178,3.6303763e-17,0
2179,3.4464045e-15,0
2180,6.090094e-15,0
2181,8.4500827e-19,0
2182,4.3873819e-16,0
2183,4.3898243e-13,0
2184,5.855669e-15,0
2185,3.0379985e-14,0
2186,2.9707214e-14,0
2187,4.278995e-19,0
2188,4.02451e-14,0
2189,9.3343424e-14,0
2190,8.8080996e-13,0
2191,2.935266e-14,0
2192,1.582748e-10,0
2193,2.7620173e-10,0
2194,5.0517808e-09,0
2195,1.4720684e-09,0
2196,1.7951454e-13,0
2197,7.3188014e-18,0
2198,1.5022929e-14,0
2199,1.2821436e-11,0
2200,2.0203004e-13,0
2201,2.8101934e-14,0
2202,4.603862e-19,0
2203,4.042547e-20,0
2204,1.0848452e-13,0
2205,2.8427377e-11,0
2206,7.0291634e-11,0
2207,4.67221e-14,0
2208,1.0181055e-17,0
2209,6.129143e-19,0
2210,2.0015379e-16,0
2211,1.04811005e-17,0
2212,1.2240045e-18,0
2213,9.171409e-23,0
2214,5.345658e-23,0
2215,5.81357e-19,0
2216,4.3045697e-18,0
2217,2.017243e-17,0
2218,5.4090767e-18,0
2219,1.8077556e-24,0
2220,2.4512493e-17,0
2221,5.197582e-15,0
2222,8.583067e-16,0
2223,2.6792468e-13,0
2224,1.1396212e-14,0
2225,1.7444344e-16,0
2226,5.0939053e-10,0
2227,7.193111e-11,0
2228,2.7691847e-11,0
2229,2.7467385e-15,0
2230,2.0606725e-18,0
2231,1.2622669e-17,0
2232,9.272794e-16,0
2233,6.2644323e-16,0
2234,3.4862299e-16,0
2235,7.7375156e-17,0
2236,7.647674e-10,0
2237,1.5202573e-06,0
2238,2.0556267e-06,0
2239,5.4539523e-05,0
2240,6.8252093e-09,0
2241,9.755152e-12,0
2242,1.0703598e-08,0
2243,1.3127065e-07,0
2244,1.150503e-06,0
2245,2.749798e-09,0
2246,2.586449e-17,0
2247,2.795017e-18,0
2248,3.6734363e-17,0
2249,6.900839e-18,0
2250,1.1507105e-18,0
2251,2.5194302e-18,0
2252,2.4441797e-18,0
2253,1.2813961e-18,0
2254,8.711568e-19,0
2255,9.492858e-19,0
2256,3.8883912e-20,0
2257,1.5586032e-12,0
2258,1.0702358e-11,0
2259,5.945351e-12,0
2260,4.0338785e-10,0
2261,1.5885669e-10,0
2262,1.1729238e-16,0
2263,3.6958988e-16,0
2264,1.738469e-16,0
2265,2.778806e-17,0
2266,6.276958e-19,0
2267,6.2115133e-15,0
2268,1.3097246e-16,0
2269,3.3837017e-17,0
2270,6.432302e-14,0
2271,9.2478236e-15,0
2272,4.7454516e-14,0
2273,5.980638e-10,0
2274,8.8319207e-13,0
2275,1.6683042e-13,0
2276,8.9765956e-14,0
2277,1.2230337e-18,0
2278,2.308991e-16,0
2279,2.0931735e-16,0
2280,3.378314e-15,0
2281,2.2177741e-17,0
2282,5.92144e-15,0
2283,7.067089e-14,0
2284,1.4096078e-11,0
2285,1.2176933e-12,0
2286,2.4883051e-12,0
2287,8.3600603e-17,0
2288,3.1513935e-18,0
2289,2.2639734e-19,0
2290,3.2596723e-20,0
2291,2.2511418e-19,0
2292,9.144635e-11,0
2293,6.8705144e-06,0
2294,8.240094e-06,0
2295,0.0059763775,0
2296,0.0029841268,0
2297,2.537067e-09,0
2298,4.1381545e-15,0
2299,4.1319994e-17,0
2300,1.5122867e-17,0
2301,1.3967279e-17,0
2302,2.5148115e-14,0
2303,1.3080528e-15,0
2304,3.4552146e-13,0
2305,1.5307555e-13,0
2306,5.4284458e-14,0
2307,2.364506e-15,0
2308,3.9650642e-14,0
2309,2.7966492e-14,0
2310,5.732955e-15,0
2311,2.3315724e-14,0
2312,1.3041737e-19,0
2313,1.6295318e-15,0
2314,1.5198753e-12,0
2315,1.2525454e-15,0
2316,2.277439e-15,0
2317,2.3688223e-14,0
2318,2.109266e-11,0
2319,4.984825e-10,0
2320,9.442379e-09,0
2321,4.600991e-06,0
2322,1.4444719e-09,0
2323,1.2658653e-15,0
2324,2.2715278e-17,0
2325,1.3022809e-17,0
2326,4.6903684e-19,0
2327,9.723579e-18,0
2328,1.0196027e-15,0
2329,2.083903e-13,0
2330,3.909579e-12,0
2331,1.2026954e-10,0
2332,3.4464768e-11,0
2333,3.984649e-13,0
2334,6.5768284e-15,0
2335,2.0272106e-16,0
2336,6.759396e-17,0
2337,8.8163895e-16,0
2338,4.5088695e-15,0
2339,1.5173987e-12,0
2340,8.4613653e-13,0
2341,3.0522189e-13,0
2342,1.3910186e-15,0
2343,3.720972e-13,0
2344,7.7904534e-14,0
2345,1.2174504e-14,0
2346,2.3562784e-13,0
2347,6.439265e-13,0
2348,1.4344659e-18,0
2349,3.5797812e-10,0
2350,1.1746351e-07,0
2351,4.9359636e-07,0
2352,1.945234e-08,0
2353,1.2538214e-08,0
2354,3.133495e-19,0
2355,3.1555764e-20,0
2356,6.79786e-21,0
2357,6.4484945e-21,0
2358,4.485097e-21,0
2359,8.821562e-18,0
2360,3.883325e-18,0
2361,3.2303384e-18,0
2362,1.8172058e-18,0
2363,2.5796393e-18,0
2364,4.5099507e-16,0
2365,6.6953516e-14,0
2366,5.5929172e-14,0
2367,3.166988e-14,0
2368,3.1293474e-13,0
2369,8.537666e-11,0
2370,1.98973e-09,0
2371,6.0928523e-10,0
2372,8.9793195e-10,0
2373,3.2957377e-13,0
2374,3.6179115e-14,0
2375,2.0002138e-12,0
2376,7.916599e-12,0
2377,3.1829278e-10,0
2378,1.6034639e-11,0
2379,9.696726e-10,0
2380,5.3672554e-08,0
2381,3.0932863e-08,0
2382,6.6486744e-10,0
2383,2.4068116e-09,0
2384,1.3571277e-11,0
2385,1.5794236e-11,0
2386,1.4024815e-12,0
2387,1.7585926e-12,0
2388,3.655106e-12,0
2389,3.879213e-16,0
2390,8.04575e-15,0
2391,3.859878e-15,0
2392,2.276693e-14,0
2393,1.936616e-15,0
2394,3.280729e-13,0
2395,1.4214915e-13,0
2396,5.548176e-10,0
2397,2.763228e-11,0
2398,4.7763408e-12,0
2399,2.0123842e-18,0
2400,7.2540424e-17,0
2401,9.802571e-18,0
2402,2.9111623e-18,0
2403,7.3713135e-17,0
2404,1.3594759e-21,0
2405,7.2068945e-20,0
2406,9.942493e-15,0
2407,3.42242e-13,0
2408,1.3968424e-13,0
2409,1.8401677e-13,0
2410,3.2875122e-17,0
2411,9.3198574e-11,0
2412,1.3034559e-05,0
2413,6.42512e-09,0
2414,7.841756e-09,0
2415,7.4463775e-13,0
2416,2.9813913e-19,0
2417,2.6919272e-15,0
2418,2.6130686e-12,0
2419,9.1936035e-11,0
2420,4.733265e-15,0
2421,3.968427e-20,0
2422,1.2308525e-14,0
2423,5.2614907e-10,0
2424,2.9417045e-11,0
2425,3.766508e-09,0
2426,9.889081e-12,0
2427,6.6660495e-20,0
2428,1.7132626e-10,0
2429,3.3403527e-10,0
2430,9.060941e-09,0
2431,3.828418e-10,0
2432,3.56566e-11,0
2433,6.6241265e-19,0
2434,1.1392115e-16,0
2435,8.800516e-19,0
2436,8.658431e-18,0
2437,9.99749e-22,0
2438,2.9533172e-20,0
2439,1.994115e-16,0
2440,6.3689144e-15,0
2441,6.013362e-14,0
2442,1.3485795e-14,0
2443,3.6065633e-18,0
2444,2.0868058e-14,0
2445,4.9397698e-11,0
2446,2.894975e-12,0
2447,1.5399997e-14,0
2448,6.5231663e-20,0
2449,5.821822e-20,0
2450,1.5742038e-17,0
2451,3.3657452e-16,0
2452,1.4224582e-15,0
2453,4.6862955e-17,0
2454,1.0484523e-20,0
2455,4.592796e-14,0
2456,4.7059636e-14,0
2457,1.773876e-13,0
2458,1.3083482e-13,0
2459,1.4255001e-15,0
2460,1.4785843e-18,0
2461,5.1152077e-10,0
2462,3.4583003e-09,0
2463,8.671841e-09,0
2464,2.4651813e-12,0
2465,2.2473687e-17,0
2466,8.280427e-13,0
2467,1.4111498e-10,0
2468,1.5084181e-13,0
2469,1.1085341e-12,0
2470,2.4286055e-16,0
2471,1.9244726e-22,0
2472,2.4949578e-16,0
2473,8.626325e-17,0
2474,8.6143886e-17,0
2475,5.2369453e-16,0
2476,1.6880434e-17,0
2477,4.6304442e-17,0
2478,7.572747e-14,0
2479,8.474859e-15,0
2480,2.1649228e-15,0
2481,7.41578e-20,0
2482,7.369306e-20,0
2483,4.7107637e-16,0
2484,4.552226e-17,0
2485,3.0245133e-16,0
2486,2.7680015e-19,0
2487,8.2865004e-23,0
2488,3.9719258e-20,0
2489,4.1650646e-14,0
2490,2.018461e-15,0
2491,2.6353252e-13,0
2492,2.9329847e-20,0
2493,2.9546425e-23,0
2494,1.165948e-14,0
2495,6.411886e-09,0
2496,6.580028e-11,0
2497,3.671568e-12,0
2498,5.7995596e-15,0
2499,2.4781346e-13,0
2500,1.2560894e-10,0
2501,2.336064e-10,0
2502,2.7267582e-05,0
2503,5.730313e-14,0
2504,9.846602e-27,0
2505,8.383064e-22,0
2506,2.4754169e-14,0
2507,8.338915e-16,0
2508,1.0127773e-13,0
2509,4.207296e-17,0
2510,2.4153184e-17,0
2511,1.1666365e-16,0
2512,2.7398617e-16,0
2513,2.5198348e-17,0
2514,5.9010445e-19,0
2515,7.241717e-23,0
2516,3.2797323e-18,0
2517,3.7612125e-15,0
2518,4.3089937e-16,0
2519,6.352276e-13,0
2520,2.7205706e-18,0
2521,9.637751e-19,0
2522,4.5212833e-09,0
2523,0.00064598327,0
2524,1.6435673e-05,0
2525,4.4909723e-07,0
2526,6.961048e-16,0
2527,1.2991813e-22,0
2528,2.0222096e-20,0
2529,8.173052e-21,0
2530,1.9173466e-18,0
2531,3.009694e-20,0
2532,1.5367675e-20,0
2533,1.453304e-13,0
2534,1.1999687e-10,0
2535,6.8859446e-10,0
2536,2.2522258e-10,0
2537,1.50319e-14,0
2538,1.9684023e-17,0
2539,2.87019e-16,0
2540,1.3661694e-17,0
2541,2.5190747e-18,0
2542,1.5621491e-18,0
2543,2.6895666e-15,0
2544,8.693051e-10,0
2545,4.3705486e-10,0
2546,1.0120103e-10,0
2547,3.1062013e-14,0
2548,6.889131e-19,0
2549,5.5899387e-19,0
2550,6.3265566e-17,0
2551,4.5920617e-17,0
2552,1.7737023e-18,0
2553,2.3227936e-21,0
2554,1.1467026e-15,0
2555,3.3471145e-13,0
2556,2.840755e-14,0
2557,1.2120371e-12,0
2558,3.06595e-15,0
2559,2.9973564e-19,0
2560,2.730038e-13,0
2561,2.3261415e-09,0
2562,2.9644334e-10,0
2563,5.4826567e-11,0
2564,1.6115756e-20,0
2565,1.2570854e-19,0
2566,8.935703e-17,0
2567,1.01043e-15,0
2568,7.816823e-15,0
2569,1.1483091e-15,0
2570,1.5463564e-23,0
2571,2.8147447e-20,0
2572,1.5509284e-16,0
2573,1.3624105e-19,0
2574,4.6583662e-17,0
2575,1.6390537e-20,0
2576,1.4422193e-25,0
2577,1.00229714e-19,0
2578,1.0975481e-15,0
2579,1.3143041e-16,0
2580,4.8028828e-18,0
2581,5.460046e-21,0
2582,1.8076223e-19,0
2583,5.2838587e-17,0
2584,5.3517547e-17,0
2585,1.4479209e-15,0
2586,1.3325083e-16,0
2587,6.453367e-21,0
2588,1.4815281e-15,0
2589,1.6645193e-12,0
2590,2.5171198e-14,0
2591,3.0951065e-14,0
2592,1.5476192e-23,0
2593,7.157176e-25,0
2594,9.748017e-18,0
2595,2.315388e-14,0
2596,1.7231775e-16,0
2597,1.6884895e-15,0
2598,3.2665795e-21,0
2599,4.9002575e-21,0
2600,3.7424748e-17,0
2601,1.6770887e-15,0
2602,1.0367472e-13,0
2603,8.7480425e-17,0
2604,3.1021848e-23,0
2605,6.0055373e-13,0
2606,1.3350679e-08,0
2607,2.0621857e-11,0
2608,1.8125201e-09,0
2609,2.580588e-15,0
2610,2.216302e-25,0
2611,5.705977e-19,0
2612,7.813236e-14,0
2613,1.4925556e-15,0
2614,6.1967526e-13,0
2615,4.710161e-20,0
2616,3.780343e-23,0
2617,6.6572133e-18,0
2618,3.769714e-16,0
2619,2.279053e-17,0
2620,3.8055756e-16,0
2621,3.3125026e-16,0
2622,8.2037997e-07,0
2623,0.99933964,1
2624,0.047520533,0
2625,0.9999976,1
2626,2.3443732e-12,0
2627,2.548795e-20,0
2628,1.7269886e-15,0
2629,3.637023e-13,0
2630,5.1290803e-14,0
2631,1.4488797e-11,0
2632,1.9352782e-16,0
2633,7.722504e-14,0
2634,9.565353e-09,0
2635,5.741998e-10,0
2636,1.7459743e-10,0
2637,1.0279113e-11,0
2638,2.1174008e-18,0
2639,5.6912927e-15,0
2640,3.4257586e-12,0
2641,1.2265316e-13,0
2642,2.913275e-13,0
2643,3.9369942e-17,0
2644,4.7785793e-13,0
2645,2.9493947e-08,0
2646,3.1870587e-10,0
2647,1.5019494e-10,0
2648,1.1437308e-13,0
2649,1.5830996e-23,0
2650,5.398826e-20,0
2651,4.6972117e-18,0
2652,5.803068e-19,0
2653,1.3624936e-19,0
2654,2.1966371e-20,0
2655,3.9017547e-17,0
2656,1.393356e-10,0
2657,5.343654e-10,0
2658,5.5697583e-08,0
2659,3.6589948e-10,0
2660,2.3278996e-16,0
2661,4.675549e-16,0
2662,1.0424086e-16,0
2663,1.4141527e-16,0
2664,1.4780655e-18,0
2665,2.3244266e-19,0
2666,2.4900383e-19,0
2667,1.6314593e-16,0
2668,4.877628e-16,0
2669,3.8641355e-15,0
2670,3.8347424e-20,0
2671,6.691492e-23,0
2672,6.256849e-20,0
2673,6.555846e-20,0
2674,3.645028e-18,0
2675,5.496435e-19,0
2676,3.947939e-19,0
2677,3.2200748e-12,0
2678,1.02645175e-11,0
2679,1.2621503e-11,0
2680,1.43856455e-11,0
2681,4.290754e-12,0
2682,7.579669e-14,0
2683,1.0980418e-12,0
2684,5.1240445e-14,0
2685,2.4040446e-13,0
2686,1.1718691e-15,0
2687,1.5203906e-17,0
2688,4.055104e-12,0
2689,6.9468763e-14,0
2690,3.689263e-13,0
2691,1.1636575e-18,0
2692,1.3936243e-18,0
2693,4.0255913e-11,0
2694,6.40739e-08,0
2695,9.165375e-08,0
2696,1.0549382e-07,0
2697,1.5195168e-11,0
2698,2.3465878e-12,0
2699,4.4375163e-12,0
2700,1.9436414e-13,0
2701,1.0424177e-14,0
2702,1.1247716e-16,0
2703,8.511384e-20,0
2704,2.4461238e-15,0
2705,2.0265178e-13,0
2706,5.312643e-12,0
2707,2.425785e-13,0
2708,4.9818873e-14,0
2709,7.615971e-14,0
2710,2.3655863e-13,0
2711,5.087091e-13,0
2712,9.451211e-16,0
2713,1.1298841e-17,0
2714,7.485187e-19,0
2715,8.785757e-19,0
2716,1.4819449e-17,0
2717,8.609099e-17,0
2718,2.5450544e-20,0
2719,1.7862078e-20,0
2720,1.3810963e-12,0
2721,2.9113407e-14,0
2722,3.889341e-12,0
2723,2.3691198e-15,0
2724,8.367744e-18,0
2725,1.0566328e-09,0
2726,5.492867e-06,0
2727,1.8944728e-08,0
2728,0.009581257,0
2729,1.02941475e-10,0
2730,1.4181974e-18,0
2731,1.838643e-06,0
2732,3.7818067e-05,0
2733,1.7543583e-06,0
2734,4.730334e-10,0
2735,2.0260269e-13,0
2736,2.6380448e-14,0
2737,1.13345955e-08,0
2738,1.627125e-11,0
2739,3.148961e-10,0
2740,2.9902378e-10,0
2741,3.3819374e-15,0
2742,5.3560617e-14,0
2743,7.497633e-15,0
2744,4.7574894e-13,0
2745,2.2141729e-17,0
2746,1.0922712e-18,0
2747,1.247619e-12,0
2748,1.9157871e-05,0
2749,1.3565216e-08,0
2750,1.9726247e-08,0
2751,3.0166574e-14,0
2752,1.7925875e-23,0
2753,4.601562e-19,0
2754,8.634132e-16,0
2755,4.552226e-17,0
2756,8.814632e-18,0
2757,7.603094e-18,0
2758,2.379724e-13,0
2759,4.0084137e-11,0
2760,1.4700066e-12,0
2761,1.6138944e-13,0
2762,4.3677346e-20,0
2763,7.905481e-19,0
2764,8.2689064e-17,0
2765,3.538048e-14,0
2766,2.4679176e-13,0
2767,7.369644e-12,0
2768,1.3799163e-20,0
2769,5.9854776e-17,0
2770,3.8862206e-15,0
2771,3.9905965e-17,0
