time_s,ax,ay,az,gx,gy,gz,current,voltage,power,label
0.001,-1512.0,-560.0,22376.0,-509.0,-176.0,31.0,0.199,12.27,2.44,normal
0.004,-1796.0,48.0,23300.0,-338.0,-260.0,15.0,0.16,12.24,1.96,normal
0.007,2672.0,-144.0,20056.0,-428.0,132.0,-16.0,0.128,12.24,1.57,normal
0.009,432.0,-2336.0,23560.0,-225.0,269.0,-11.0,0.141,12.25,1.73,normal
0.01,3948.0,-488.0,18560.0,-300.0,932.0,-36.0,0.172,12.27,2.12,normal
0.013,-1404.0,-2184.0,22680.0,-247.0,-155.0,-65.0,0.249,12.32,3.08,normal
0.015,5036.0,372.0,18508.0,-175.0,919.0,-119.0,0.358,12.36,4.43,normal
0.016,5280.0,416.0,18360.0,-213.0,1108.0,22.0,0.397,12.36,4.9,normal
0.017,4608.0,1956.0,16464.0,-447.0,165.0,149.0,0.395,12.37,4.89,normal
0.019,1108.0,272.0,21152.0,-385.0,506.0,-75.0,0.405,12.35,4.99,normal
0.02,-2108.0,-1612.0,25712.0,-487.0,-298.0,-8.0,0.352,12.33,4.33,normal
0.024,-1180.0,-68.0,22276.0,-531.0,-103.0,-96.0,0.267,12.29,3.28,normal
0.028,1364.0,172.0,20328.0,-205.0,183.0,-55.0,0.159,12.25,2.34,normal
0.03,904.0,844.0,21308.0,-723.0,391.0,-102.0,0.128,12.23,1.56,normal
0.031,2336.0,-28.0,18192.0,-566.0,-113.0,-103.0,0.124,12.24,1.52,normal
0.032,6932.0,1736.0,21048.0,-629.0,996.0,169.0,0.151,12.27,1.85,normal
0.034,120.0,-1084.0,20888.0,-414.0,-124.0,-241.0,0.267,12.32,3.29,normal
0.035,-948.0,-1980.0,19864.0,-127.0,294.0,-43.0,0.346,12.35,4.27,normal
0.036,2128.0,-948.0,21468.0,-215.0,318.0,77.0,0.366,12.37,4.52,normal
0.128,1984.0,684.0,20560.0,-470.0,483.0,133.0,0.424,12.36,5.23,normal
0.234,736.0,-908.0,22080.0,-184.0,625.0,-149.0,0.398,12.34,4.91,normal
0.343,1640.0,-988.0,21572.0,-91.0,366.0,-316.0,0.335,12.32,4.11,normal
0.451,2172.0,-964.0,20972.0,-177.0,740.0,-80.0,0.196,12.26,2.4,normal
0.559,3044.0,704.0,18828.0,-248.0,431.0,-108.0,0.146,12.24,1.78,normal
0.666,668.0,892.0,22856.0,-122.0,286.0,-10.0,0.125,12.24,1.53,normal
0.775,132.0,-712.0,22856.0,-261.0,153.0,-38.0,0.153,12.26,1.5,normal
0.884,5844.0,-844.0,18744.0,-354.0,1008.0,-80.0,0.215,12.29,2.64,normal
0.991,1472.0,-524.0,20204.0,-274.0,273.0,11.0,0.289,12.33,3.57,normal
1.099,1616.0,-908.0,19708.0,-62.0,545.0,-91.0,0.357,12.36,4.42,normal
1.207,1588.0,188.0,21176.0,-309.0,588.0,-101.0,0.415,12.37,5.13,normal
1.316,2712.0,1820.0,19520.0,-543.0,905.0,91.0,0.421,12.36,5.2,normal
1.424,2152.0,696.0,22296.0,-483.0,221.0,-98.0,0.397,12.34,4.89,normal
1.531,-2864.0,-484.0,23360.0,-379.0,-510.0,-165.0,0.267,12.3,3.28,normal
1.64,-664.0,244.0,22632.0,-106.0,-360.0,-52.0,0.195,12.27,2.39,normal
1.748,2880.0,1236.0,18956.0,-321.0,96.0,21.0,0.141,12.24,1.73,normal
1.856,-1424.0,192.0,21716.0,-418.0,95.0,-133.0,0.126,12.24,1.54,normal
1.963,-328.0,-748.0,22160.0,-297.0,-87.0,-68.0,0.155,12.26,1.9,normal
2.072,-116.0,256.0,22288.0,-325.0,160.0,-219.0,0.209,12.3,2.58,normal
2.18,-672.0,152.0,22508.0,-357.0,241.0,-65.0,0.4,12.35,3.81,normal
2.288,-2744.0,-876.0,23232.0,-409.0,-168.0,-132.0,0.394,12.37,4.87,normal
2.395,1876.0,1112.0,17892.0,-502.0,222.0,245.0,0.433,12.36,5.35,normal
2.504,-2252.0,372.0,23792.0,-350.0,333.0,-274.0,0.396,12.32,4.87,normal
2.611,-1564.0,-2388.0,22804.0,-334.0,87.0,-55.0,0.237,12.29,2.9,normal
2.72,1104.0,-1376.0,21784.0,-454.0,128.0,45.0,0.172,12.26,2.11,normal
2.83,764.0,136.0,22568.0,-742.0,361.0,-215.0,0.131,12.24,1.6,normal
2.937,1376.0,-1384.0,21588.0,-357.0,148.0,-43.0,0.141,12.24,1.73,normal
3.044,3092.0,-820.0,19716.0,-318.0,699.0,-42.0,0.178,12.28,2.19,normal
3.153,-784.0,-684.0,22432.0,-311.0,-149.0,-25.0,0.275,12.32,3.39,normal
3.261,6072.0,752.0,18180.0,-326.0,860.0,133.0,0.386,12.37,4.77,normal
3.369,2272.0,-2352.0,18244.0,-294.0,895.0,-256.0,0.417,12.37,5.15,normal
3.476,376.0,-1328.0,22916.0,-368.0,324.0,-155.0,0.418,12.36,5.16,normal
3.585,-880.0,-3232.0,22136.0,-188.0,-383.0,-117.0,0.297,12.31,3.65,normal
3.693,-600.0,-176.0,22868.0,-359.0,-192.0,-115.0,0.209,12.27,2.56,normal
3.801,84.0,-3540.0,22052.0,23.0,-147.0,-166.0,0.146,12.25,1.79,normal
3.909,3388.0,-560.0,20056.0,-152.0,514.0,-113.0,0.129,12.24,1.51,normal
4.017,-728.0,-584.0,21472.0,-378.0,-65.0,-190.0,0.151,12.24,1.84,normal
4.125,1468.0,-2352.0,20644.0,-271.0,852.0,-255.0,0.187,12.27,2.3,normal
4.233,2108.0,-1172.0,22116.0,-125.0,356.0,36.0,0.267,12.34,3.29,normal
4.342,-2772.0,-2724.0,24384.0,172.0,-135.0,-100.0,0.372,12.36,4.6,normal
4.449,-396.0,-2412.0,21928.0,-59.0,-182.0,7.0,0.416,12.37,5.15,normal
4.558,628.0,-1684.0,22064.0,-146.0,608.0,-364.0,0.432,12.37,5.33,normal
4.664,2488.0,-568.0,20048.0,-212.0,471.0,50.0,0.382,12.34,4.71,normal
4.774,3176.0,-688.0,19468.0,-100.0,683.0,-235.0,0.292,12.31,3.59,normal
4.882,-600.0,-976.0,20364.0,-206.0,451.0,-180.0,0.219,12.28,2.68,normal
4.989,1552.0,684.0,20520.0,-377.0,537.0,95.0,0.133,12.24,1.62,normal
5.097,864.0,-2412.0,20720.0,-216.0,907.0,-233.0,0.13,12.23,1.59,normal
5.206,1204.0,-804.0,21900.0,-184.0,-130.0,-15.0,0.149,12.26,1.83,normal
5.315,596.0,24.0,23340.0,-224.0,333.0,-269.0,0.279,12.32,2.47,normal
5.421,312.0,-12.0,22004.0,-358.0,306.0,-246.0,0.339,12.35,4.19,normal
5.53,-252.0,-880.0,19644.0,-83.0,-517.0,12.0,0.397,12.36,4.92,normal
5.638,-596.0,-88.0,22732.0,-212.0,-116.0,-80.0,0.423,12.36,5.23,normal
5.746,2004.0,-1748.0,21916.0,-49.0,290.0,-29.0,0.387,12.34,4.77,normal
5.855,-4152.0,-1168.0,24548.0,-228.0,-820.0,-156.0,0.285,12.32,3.5,normal
5.963,-92.0,252.0,20804.0,-252.0,233.0,-37.0,0.167,12.26,2.05,normal
6.072,-1300.0,-1076.0,23560.0,-330.0,-137.0,-95.0,0.12,12.24,1.47,normal
6.18,-3624.0,928.0,21100.0,-369.0,-907.0,246.0,0.14,12.26,1.71,normal
6.286,1704.0,-660.0,18112.0,-591.0,139.0,149.0,0.178,12.28,2.2,normal
6.396,3956.0,-1456.0,18976.0,-517.0,940.0,-164.0,0.327,12.34,4.05,normal
6.504,-864.0,-1108.0,25636.0,-437.0,190.0,-218.0,0.393,12.36,4.86,normal
6.611,1552.0,-1264.0,21112.0,-370.0,201.0,-106.0,0.426,12.37,5.27,normal
6.72,192.0,336.0,20608.0,-776.0,58.0,-161.0,0.418,12.35,5.16,normal
6.827,2428.0,-1268.0,19840.0,-451.0,553.0,30.0,0.329,12.33,4.04,normal
6.936,-1872.0,-1352.0,23148.0,-656.0,7.0,-7.0,0.247,12.29,3.03,normal
7.044,1840.0,-384.0,20616.0,-538.0,285.0,-77.0,0.182,12.26,2.23,normal
7.151,2308.0,-96.0,17448.0,-335.0,-768.0,-45.0,0.127,12.23,1.55,normal
7.26,-2272.0,-1412.0,20184.0,-321.0,-489.0,-35.0,0.128,12.24,1.57,normal
7.367,1784.0,476.0,18976.0,-187.0,-251.0,-155.0,0.156,12.26,1.91,normal
7.476,1052.0,-920.0,22120.0,9.0,275.0,21.0,0.279,12.33,3.45,normal
7.583,-2892.0,-2500.0,23472.0,-264.0,-99.0,21.0,0.364,12.36,4.5,normal
7.691,4796.0,-836.0,18388.0,-197.0,697.0,-40.0,0.419,12.37,5.18,normal
7.8,-668.0,144.0,23128.0,-396.0,131.0,-68.0,0.398,12.35,4.92,normal
7.908,-636.0,-1664.0,22068.0,-138.0,-132.0,-67.0,0.343,12.33,4.23,normal
8.016,1536.0,-712.0,21516.0,-216.0,211.0,-6.0,0.254,12.29,3.12,normal
8.124,412.0,-308.0,23028.0,-175.0,66.0,-270.0,0.15,12.24,2.13,normal
8.232,248.0,-1172.0,22716.0,-182.0,660.0,-123.0,0.121,12.24,1.48,normal
8.341,6984.0,-68.0,17784.0,-417.0,1610.0,-114.0,0.136,12.25,1.66,normal
8.448,4956.0,144.0,23160.0,-463.0,1295.0,92.0,0.189,12.28,2.32,normal
8.556,2728.0,516.0,20828.0,-472.0,427.0,-52.0,0.333,12.34,4.11,normal
8.665,2136.0,-824.0,21472.0,-510.0,1013.0,68.0,0.396,12.36,4.9,normal
8.773,332.0,-324.0,20784.0,-482.0,363.0,-220.0,0.418,12.38,5.16,normal
8.881,204.0,-400.0,22392.0,-398.0,1071.0,-310.0,0.412,12.35,5.08,normal
8.989,1212.0,-1056.0,19864.0,-394.0,237.0,-5.0,0.32,12.32,3.94,normal
9.096,3436.0,128.0,20504.0,-207.0,514.0,-4.0,0.23,12.29,2.82,normal
9.204,704.0,192.0,20696.0,-394.0,257.0,-9.0,0.147,12.24,1.79,normal
9.313,4900.0,992.0,18084.0,-345.0,1233.0,-99.0,0.118,12.25,1.44,normal
9.421,-3180.0,-1472.0,24160.0,-149.0,-320.0,-180.0,0.132,12.25,1.62,normal
9.53,4748.0,600.0,18604.0,-301.0,823.0,-45.0,0.217,12.32,2.67,normal
9.638,1096.0,-464.0,27992.0,-415.0,405.0,-156.0,0.36,12.35,4.45,normal
9.746,1596.0,628.0,20684.0,-293.0,105.0,2.0,0.406,12.37,5.03,normal
9.854,3084.0,-2048.0,19820.0,-130.0,775.0,64.0,0.427,12.36,5.27,normal
9.962,2484.0,-988.0,19876.0,-353.0,325.0,-140.0,0.354,12.33,4.36,normal
10.07,668.0,284.0,20268.0,-415.0,335.0,48.0,0.27,12.29,3.31,normal
10.178,724.0,-600.0,20856.0,-470.0,95.0,34.0,0.183,12.26,2.24,normal
10.287,-328.0,-1144.0,22340.0,-313.0,-32.0,-153.0,0.123,12.23,1.5,normal
10.395,-1496.0,-1848.0,23180.0,-409.0,-304.0,-251.0,0.146,12.25,1.8,normal
10.504,332.0,164.0,20992.0,-610.0,157.0,-111.0,0.221,12.3,2.72,normal
10.612,560.0,248.0,19880.0,-430.0,41.0,-39.0,0.319,12.36,3.94,normal
10.72,-4008.0,-760.0,25408.0,-304.0,-577.0,-209.0,0.423,12.37,5.23,normal
10.828,-7384.0,-84.0,28104.0,-634.0,-1815.0,-62.0,0.416,12.36,5.14,normal
10.936,660.0,-44.0,21644.0,-431.0,161.0,-236.0,0.412,12.36,5.09,normal
11.044,-816.0,-3244.0,22436.0,-106.0,205.0,-241.0,0.277,12.3,3.4,normal
11.152,-392.0,-56.0,22376.0,-296.0,543.0,-201.0,0.203,12.26,2.48,normal
11.259,-124.0,160.0,22396.0,-293.0,-97.0,-43.0,0.146,12.24,1.79,normal
11.367,700.0,-2924.0,20720.0,-113.0,471.0,-112.0,0.127,12.24,1.55,normal
11.476,-368.0,-968.0,20528.0,-210.0,-313.0,-93.0,0.159,12.27,1.95,normal
11.584,4700.0,-900.0,18716.0,-367.0,807.0,75.0,0.241,12.3,2.97,normal
11.693,-1484.0,176.0,23660.0,-550.0,-183.0,-133.0,0.352,12.35,3.81,normal
11.799,1216.0,304.0,20808.0,-571.0,183.0,-48.0,0.404,12.37,5.0,normal
11.909,2336.0,-116.0,18376.0,-202.0,408.0,46.0,0.427,12.37,5.28,normal
12.017,-5164.0,-172.0,22444.0,-447.0,-936.0,-311.0,0.417,12.34,5.14,normal
12.125,956.0,-1180.0,22708.0,-52.0,350.0,-138.0,0.297,12.31,3.65,normal
12.232,-2188.0,-2128.0,23884.0,111.0,-614.0,49.0,0.217,12.27,2.66,normal
12.341,36.0,384.0,22216.0,-327.0,93.0,-92.0,0.155,12.25,1.9,normal
12.449,1656.0,-1208.0,20780.0,-622.0,-119.0,152.0,0.121,12.25,1.48,normal
12.557,-1236.0,-1336.0,21296.0,-224.0,-206.0,-51.0,0.145,12.26,1.78,normal
12.665,-204.0,-724.0,22712.0,-521.0,483.0,-73.0,0.242,12.29,2.98,normal
12.772,1704.0,204.0,19996.0,-493.0,543.0,-111.0,0.355,12.35,4.39,normal
12.881,2040.0,-504.0,19232.0,-146.0,62.0,-121.0,0.405,12.37,5.0,normal
12.989,872.0,-1132.0,19488.0,-211.0,328.0,55.0,0.417,12.36,5.14,normal
13.096,3580.0,512.0,18404.0,-103.0,-108.0,-194.0,0.336,12.33,4.91,normal
13.205,312.0,-1220.0,21216.0,-324.0,259.0,-14.0,0.233,12.27,2.86,normal
13.313,232.0,-1004.0,22056.0,-548.0,485.0,-41.0,0.165,12.24,2.02,normal
13.42,0.0,1228.0,20584.0,-377.0,-108.0,195.0,0.13,12.24,1.59,normal
13.529,-4496.0,208.0,24492.0,-343.0,-950.0,40.0,0.144,12.26,1.77,normal
13.638,3748.0,156.0,26052.0,-582.0,877.0,-184.0,0.203,12.29,2.5,normal
13.746,-1300.0,-1136.0,22204.0,-126.0,-372.0,-76.0,0.293,12.33,3.61,normal
13.854,832.0,-292.0,21264.0,-396.0,-109.0,-94.0,0.407,12.37,5.04,normal
13.961,1124.0,-512.0,21380.0,-573.0,442.0,-100.0,0.434,12.36,5.36,normal
14.07,992.0,3768.0,19924.0,-695.0,185.0,318.0,0.403,12.34,4.96,normal
14.179,-616.0,-1720.0,23176.0,-92.0,-204.0,-80.0,0.244,12.29,2.99,normal
14.285,1012.0,-1276.0,20488.0,-213.0,423.0,-21.0,0.174,12.25,2.14,normal
14.394,12.0,-3076.0,20840.0,-97.0,3.0,-231.0,0.127,12.24,1.55,normal
14.502,-1732.0,-1532.0,22368.0,-296.0,-535.0,-139.0,0.146,12.26,1.58,normal
14.612,-4048.0,-648.0,23636.0,-469.0,-734.0,-45.0,0.269,12.32,3.31,normal
14.719,1184.0,880.0,20536.0,-495.0,387.0,-178.0,0.333,12.36,4.12,normal
14.826,-2272.0,148.0,23184.0,-426.0,-540.0,-116.0,0.409,12.37,5.06,normal
14.935,76.0,196.0,21040.0,-281.0,-195.0,-170.0,0.42,12.36,5.19,normal
15.044,1060.0,-1396.0,18312.0,-178.0,760.0,-181.0,0.373,12.33,4.58,normal
15.152,2488.0,-2224.0,20856.0,-441.0,675.0,-65.0,0.258,12.3,3.17,normal
15.259,-5736.0,-688.0,23876.0,-607.0,-1140.0,63.0,0.155,12.24,1.9,normal
15.367,-328.0,-612.0,21716.0,-685.0,215.0,39.0,0.123,12.23,1.51,normal
15.476,3708.0,744.0,17016.0,-448.0,853.0,-28.0,0.142,12.25,1.74,normal
15.584,-2928.0,-1360.0,23112.0,-168.0,-650.0,-38.0,0.255,12.32,2.46,normal
15.692,-520.0,-264.0,22752.0,-433.0,-144.0,-28.0,0.357,12.35,4.42,normal
15.8,2004.0,-664.0,19128.0,-112.0,249.0,-65.0,0.404,12.37,5.0,normal
15.908,-2656.0,-1776.0,23496.0,-481.0,-364.0,-145.0,0.432,12.36,5.34,normal
16.016,2080.0,-68.0,21352.0,-594.0,679.0,6.0,0.311,12.32,3.82,normal
16.125,2240.0,228.0,20236.0,-280.0,545.0,-26.0,0.218,12.28,2.67,normal
16.233,776.0,-2060.0,21744.0,-247.0,519.0,-141.0,0.155,12.25,1.9,normal
16.341,2452.0,-1320.0,20092.0,-82.0,342.0,-313.0,0.124,12.24,1.52,normal
16.449,-4.0,-1300.0,22788.0,-292.0,-79.0,-141.0,0.148,12.26,1.82,normal
16.557,-600.0,-2368.0,21700.0,-488.0,260.0,-68.0,0.208,12.29,2.56,normal
16.665,7904.0,128.0,17700.0,-581.0,1801.0,-70.0,0.345,12.35,3.67,normal
16.773,6568.0,148.0,17512.0,-302.0,1665.0,-2.0,0.401,12.37,4.96,normal
16.882,4604.0,1644.0,19544.0,-361.0,1084.0,101.0,0.432,12.36,5.33,normal
16.99,2292.0,-1040.0,21296.0,-236.0,548.0,-37.0,0.413,12.33,5.1,normal
17.097,-4036.0,688.0,19976.0,-673.0,-1178.0,121.0,0.256,12.3,3.14,normal
17.206,2444.0,-168.0,18856.0,-201.0,-30.0,-149.0,0.177,12.26,2.17,normal
17.313,7200.0,-1584.0,18816.0,-87.0,1821.0,-50.0,0.13,12.24,1.59,normal
17.422,3424.0,-1244.0,19424.0,-636.0,923.0,4.0,0.138,12.25,1.7,normal
17.53,524.0,-2212.0,27892.0,56.0,-94.0,-195.0,0.187,12.28,2.3,normal
17.638,-216.0,896.0,21640.0,-344.0,-339.0,-161.0,0.289,12.33,3.57,normal
17.746,-60.0,-300.0,21820.0,-303.0,26.0,-200.0,0.403,12.37,4.99,normal
17.854,1916.0,-604.0,21424.0,-296.0,597.0,-89.0,0.43,12.37,5.31,normal
17.962,-1220.0,1988.0,26044.0,-480.0,891.0,-310.0,0.426,12.34,5.25,normal
18.07,1392.0,748.0,21048.0,-482.0,-206.0,293.0,0.251,12.29,3.8,normal
18.178,2148.0,660.0,17168.0,-361.0,911.0,-21.0,0.176,12.25,2.15,normal
18.286,4316.0,196.0,14384.0,-161.0,549.0,180.0,0.131,12.24,1.61,normal
18.394,-6408.0,-352.0,21804.0,-234.0,-900.0,42.0,0.126,12.24,1.54,normal
18.502,-856.0,-940.0,23056.0,-338.0,-50.0,78.0,0.189,12.28,2.33,normal
18.61,-1252.0,-640.0,21120.0,-348.0,-91.0,6.0,0.303,12.33,3.75,normal
18.718,0.0,-884.0,22240.0,-340.0,-34.0,-103.0,0.379,12.36,4.69,normal
18.827,-2140.0,1048.0,22960.0,-462.0,-300.0,-227.0,0.439,12.36,5.42,normal
18.935,3796.0,-60.0,19944.0,-575.0,948.0,-101.0,0.393,12.34,4.85,normal
19.043,728.0,-1276.0,20668.0,-68.0,60.0,-117.0,0.282,12.31,3.46,normal
19.151,2124.0,-2372.0,20428.0,-272.0,941.0,-242.0,0.167,12.25,2.04,normal
19.259,1080.0,-896.0,21160.0,-380.0,284.0,-157.0,0.125,12.24,1.53,normal
19.367,2640.0,652.0,23172.0,-362.0,838.0,-183.0,0.13,12.24,1.59,normal
19.475,-1800.0,184.0,23592.0,-649.0,-300.0,-215.0,0.217,12.29,2.08,normal
19.582,712.0,-2304.0,21752.0,-140.0,-98.0,-127.0,0.307,12.34,3.79,normal
19.69,-2144.0,-868.0,23288.0,-521.0,-252.0,-38.0,0.384,12.36,4.75,normal
19.799,-1140.0,-16.0,22228.0,-112.0,11.0,-121.0,0.418,12.37,5.17,normal
19.907,3724.0,-924.0,21736.0,-501.0,808.0,-132.0,0.415,12.34,5.11,normal
20.015,2316.0,-1024.0,18516.0,-591.0,334.0,131.0,0.282,12.31,3.47,normal
20.123,-140.0,-508.0,22180.0,-227.0,202.0,55.0,0.193,12.27,2.37,normal
20.232,2672.0,-3244.0,20116.0,-264.0,779.0,-454.0,0.124,12.24,1.52,normal
20.339,-3348.0,44.0,24036.0,-332.0,-396.0,-158.0,0.137,12.24,1.67,normal
20.447,7176.0,1540.0,18904.0,-537.0,430.0,61.0,0.177,12.28,2.18,normal
20.555,4692.0,1112.0,19212.0,-384.0,957.0,318.0,0.35,12.35,4.33,normal
20.663,-1408.0,600.0,20704.0,-347.0,40.0,209.0,0.405,12.37,5.0,normal
20.772,-8552.0,-2876.0,29744.0,-88.0,-1782.0,-235.0,0.434,12.37,5.36,normal
20.879,3640.0,84.0,18744.0,-287.0,834.0,85.0,0.358,12.31,4.41,normal
20.988,1656.0,72.0,21620.0,-496.0,492.0,-88.0,0.207,12.27,2.54,normal
21.096,-904.0,-156.0,21404.0,-653.0,-113.0,-79.0,0.145,12.25,1.77,normal
21.205,904.0,-904.0,21516.0,-488.0,327.0,-55.0,0.121,12.24,1.49,normal
21.313,1276.0,156.0,21420.0,-138.0,423.0,-188.0,0.172,12.26,2.11,normal
21.421,2800.0,-1264.0,20652.0,-346.0,197.0,44.0,0.269,12.32,3.32,normal
21.528,968.0,-1016.0,22256.0,-280.0,181.0,58.0,0.353,12.35,4.36,normal
21.637,1044.0,956.0,20360.0,-672.0,-548.0,11.0,0.429,12.37,5.3,normal
21.744,620.0,-100.0,20900.0,-506.0,45.0,-29.0,0.452,12.36,5.58,normal
21.853,-88.0,-844.0,19988.0,-147.0,-133.0,-176.0,0.377,12.34,4.65,normal
21.96,-1164.0,12.0,22168.0,-626.0,48.0,-51.0,0.229,12.28,3.42,normal
22.069,-604.0,-784.0,20028.0,37.0,-163.0,-123.0,0.161,12.25,1.97,normal
22.177,5720.0,548.0,19324.0,-473.0,936.0,57.0,0.125,12.24,1.53,normal
22.286,1336.0,-1332.0,21772.0,-748.0,105.0,148.0,0.129,12.25,1.58,normal
22.393,1084.0,-1428.0,22604.0,-389.0,414.0,-184.0,0.199,12.29,2.45,normal
22.502,6564.0,-932.0,18820.0,-289.0,879.0,173.0,0.306,12.34,3.77,normal
22.61,1540.0,-532.0,19776.0,-264.0,677.0,-68.0,0.384,12.36,4.75,normal
22.717,-4744.0,-1900.0,25952.0,-392.0,-750.0,-276.0,0.429,12.37,5.3,normal
22.827,-3976.0,1668.0,21992.0,-437.0,-517.0,72.0,0.397,12.34,4.89,normal
22.935,2040.0,-384.0,23488.0,-525.0,464.0,-401.0,0.302,12.31,3.71,normal
23.042,4204.0,-32.0,16200.0,-309.0,1087.0,-239.0,0.185,12.25,2.75,normal
23.15,2624.0,-440.0,19756.0,-245.0,406.0,-8.0,0.138,12.24,1.69,normal
23.259,-332.0,-836.0,21236.0,-321.0,-254.0,-9.0,0.121,12.24,1.48,normal
23.366,1724.0,-404.0,20444.0,-260.0,392.0,-177.0,0.147,12.26,1.8,normal
23.475,212.0,-868.0,21728.0,-508.0,390.0,-147.0,0.229,12.31,2.82,normal
23.582,324.0,-1484.0,21620.0,-238.0,209.0,-25.0,0.304,12.34,3.76,normal
23.691,1396.0,-1124.0,20140.0,-492.0,287.0,-54.0,0.384,12.36,4.75,normal
23.798,504.0,-876.0,21140.0,-479.0,108.0,-152.0,0.422,12.37,5.22,normal
23.907,3716.0,-868.0,18792.0,51.0,746.0,-68.0,0.417,12.35,5.14,normal
24.015,1288.0,-220.0,22040.0,-491.0,497.0,-46.0,0.35,12.33,4.31,normal
24.122,3096.0,-244.0,19528.0,-329.0,687.0,-12.0,0.208,12.27,2.55,normal
24.232,-4252.0,-1488.0,24564.0,-531.0,-393.0,-289.0,0.159,12.25,1.95,normal
24.34,3592.0,-1528.0,18340.0,-433.0,275.0,97.0,0.124,12.23,1.51,normal
24.449,976.0,-428.0,19892.0,-275.0,152.0,-50.0,0.132,12.27,1.62,normal
24.557,8772.0,1292.0,13992.0,-658.0,1696.0,-406.0,0.209,12.29,2.58,normal
24.664,1540.0,-384.0,20992.0,-296.0,488.0,-72.0,0.303,12.33,3.74,normal
24.773,-7872.0,-456.0,28032.0,-360.0,-1660.0,-171.0,0.335,12.35,4.15,normal
24.881,-8772.0,-2692.0,24660.0,-347.0,-1779.0,-340.0,0.456,12.37,5.64,normal
24.99,984.0,-824.0,20868.0,-279.0,264.0,20.0,0.419,12.35,5.17,normal
25.098,1108.0,-132.0,20152.0,-385.0,279.0,103.0,0.362,12.33,4.45,normal
25.207,2968.0,-1932.0,21036.0,-268.0,673.0,56.0,0.293,12.28,3.6,normal
25.315,-1696.0,-72.0,22228.0,-442.0,-418.0,-158.0,0.178,12.26,2.18,normal
25.423,196.0,-648.0,22028.0,-242.0,134.0,-52.0,0.148,12.22,1.82,normal
25.531,-652.0,-932.0,21004.0,-193.0,-167.0,-108.0,0.128,12.23,1.57,normal
25.639,696.0,492.0,20992.0,-441.0,41.0,-55.0,0.166,12.27,2.04,normal
25.747,1456.0,188.0,22276.0,-581.0,393.0,-7.0,0.241,12.3,2.97,normal
25.855,2588.0,-820.0,19404.0,-435.0,956.0,-53.0,0.322,12.34,3.97,normal
25.962,2472.0,520.0,20980.0,-584.0,499.0,102.0,0.411,12.37,5.09,normal
26.072,-912.0,-240.0,22036.0,-365.0,365.0,-271.0,0.445,12.36,5.5,normal
26.18,-4728.0,-844.0,23032.0,-162.0,-130.0,-147.0,0.41,12.34,5.06,normal
26.287,4936.0,-1516.0,18412.0,-192.0,1522.0,-146.0,0.262,12.3,3.89,normal
26.396,3652.0,1196.0,18680.0,-505.0,1116.0,59.0,0.185,12.26,2.27,normal
26.504,-720.0,-1260.0,22276.0,-314.0,-205.0,-171.0,0.135,12.24,1.64,normal
26.612,3380.0,636.0,21708.0,-170.0,1474.0,-157.0,0.126,12.25,1.54,normal
26.72,2136.0,236.0,21948.0,-662.0,102.0,72.0,0.178,12.28,2.2,normal
26.828,3068.0,-852.0,18996.0,-319.0,983.0,85.0,0.285,12.32,3.52,normal
26.935,504.0,-584.0,23308.0,-236.0,492.0,-200.0,0.368,12.36,4.55,normal
27.044,1844.0,-672.0,20368.0,-460.0,436.0,-78.0,0.429,12.37,5.3,normal
27.152,2240.0,-960.0,21924.0,-113.0,267.0,-168.0,0.407,12.35,5.02,normal
27.26,3032.0,16.0,20208.0,-456.0,531.0,-76.0,0.344,12.32,4.22,normal
27.368,-200.0,-20.0,21936.0,-442.0,-253.0,57.0,0.192,12.26,2.35,normal
27.476,2696.0,184.0,20716.0,-319.0,570.0,-35.0,0.135,12.24,1.66,normal
27.584,252.0,-228.0,21240.0,-616.0,66.0,107.0,0.125,12.24,1.53,normal
27.692,-1060.0,-952.0,22800.0,-375.0,3.0,-184.0,0.175,12.28,1.82,normal
27.8,840.0,-1740.0,20576.0,-200.0,224.0,47.0,0.279,12.33,3.44,normal
27.908,636.0,-780.0,21744.0,-419.0,86.0,-93.0,0.382,12.36,4.72,normal
28.017,-4100.0,-1500.0,24636.0,-59.0,-565.0,-163.0,0.422,12.37,5.21,normal
28.125,3588.0,-900.0,17716.0,-349.0,973.0,-89.0,0.416,12.35,5.13,normal
28.233,3956.0,-280.0,19748.0,-284.0,1263.0,42.0,0.336,12.32,4.13,normal
28.34,1036.0,296.0,21372.0,-421.0,114.0,16.0,0.239,12.28,2.93,normal
28.449,5832.0,-480.0,17628.0,-513.0,715.0,-137.0,0.14,12.24,1.72,normal
28.557,-5368.0,-1648.0,23424.0,-343.0,-486.0,-225.0,0.122,12.24,1.49,normal
28.665,1368.0,-8.0,24260.0,-338.0,232.0,-133.0,0.17,12.27,2.09,normal
28.774,920.0,-688.0,20984.0,-325.0,69.0,178.0,0.327,12.34,3.4,normal
28.883,-4872.0,-780.0,25600.0,-368.0,-1590.0,-136.0,0.402,12.36,4.97,normal
28.991,676.0,40.0,20668.0,-343.0,180.0,-69.0,0.423,12.36,5.23,normal
29.099,2780.0,168.0,20400.0,-172.0,690.0,-91.0,0.363,12.34,4.46,normal
29.207,832.0,-20.0,20948.0,-378.0,228.0,-91.0,0.211,12.27,2.59,normal
29.314,-856.0,1112.0,21100.0,-532.0,-304.0,-7.0,0.145,12.24,1.77,normal
29.423,4580.0,420.0,18240.0,-336.0,1185.0,-2.0,0.123,12.24,1.5,normal
29.531,-2036.0,-328.0,22988.0,-500.0,-69.0,-10.0,0.171,12.26,2.09,normal
29.64,4904.0,-764.0,19736.0,-644.0,1413.0,-183.0,0.248,12.32,3.06,normal
29.748,-4024.0,1472.0,22692.0,-303.0,-993.0,9.0,0.354,12.35,4.38,normal
29.856,-1428.0,-1064.0,20788.0,-608.0,-424.0,63.0,0.417,12.37,5.16,normal
29.963,-2524.0,-544.0,23800.0,-313.0,-125.0,-53.0,0.416,12.36,5.13,normal
30.071,2692.0,-556.0,21964.0,-135.0,-282.0,118.0,0.366,12.33,4.51,normal
30.179,1528.0,-1820.0,20180.0,-376.0,536.0,-71.0,0.258,12.3,3.16,normal
30.288,-3540.0,-2632.0,20596.0,-107.0,-520.0,-257.0,0.147,12.24,1.8,normal
30.397,-3792.0,-2124.0,30068.0,-296.0,-328.0,-310.0,0.128,12.24,1.57,normal
30.506,3064.0,-1188.0,20760.0,-260.0,519.0,-32.0,0.201,12.29,2.47,normal
30.614,-2584.0,-1944.0,21028.0,-128.0,-186.0,-214.0,0.308,12.35,3.8,normal
30.723,724.0,488.0,20248.0,-451.0,377.0,-122.0,0.431,12.37,5.32,normal
30.831,3452.0,176.0,18244.0,-436.0,-211.0,23.0,0.422,12.36,5.21,normal
30.938,-1456.0,-920.0,22628.0,-355.0,76.0,-206.0,0.358,12.33,4.41,normal
31.047,5280.0,-360.0,18192.0,-559.0,287.0,115.0,0.22,12.28,2.7,normal
31.156,-1260.0,-2256.0,22160.0,-210.0,-170.0,-201.0,0.154,12.24,1.88,normal
31.264,308.0,-1056.0,21404.0,-221.0,29.0,-61.0,0.122,12.24,1.5,normal
31.372,36.0,380.0,21808.0,-479.0,152.0,-60.0,0.156,12.28,1.92,normal
31.481,-336.0,-388.0,22044.0,-184.0,515.0,-251.0,0.286,12.32,3.53,normal
31.589,616.0,-1096.0,20512.0,-302.0,-218.0,-47.0,0.368,12.36,4.55,normal
31.696,2592.0,788.0,15784.0,-370.0,-463.0,-189.0,0.42,12.36,5.19,normal
31.805,972.0,-344.0,21480.0,-284.0,8.0,-42.0,0.426,12.36,5.25,normal
31.912,3980.0,292.0,18392.0,-282.0,-725.0,62.0,0.388,12.34,4.78,normal
32.021,-3840.0,-3864.0,26852.0,-195.0,-370.0,-507.0,0.297,12.32,3.65,normal
32.13,-1492.0,-1476.0,22792.0,-365.0,360.0,-107.0,0.147,12.24,2.15,normal
32.238,-920.0,-1104.0,22164.0,-340.0,131.0,-76.0,0.121,12.24,1.48,normal
32.347,-756.0,-244.0,22856.0,-454.0,94.0,-71.0,0.14,12.25,1.71,normal
32.454,1520.0,564.0,20680.0,-586.0,89.0,-7.0,0.185,12.28,2.28,normal
32.561,636.0,-812.0,22208.0,-396.0,157.0,-100.0,0.351,12.35,4.34,normal
32.67,3260.0,-1236.0,18792.0,-307.0,788.0,-74.0,0.408,12.37,5.04,normal
32.777,2432.0,-988.0,21040.0,-422.0,384.0,-204.0,0.424,12.37,5.23,normal
32.886,2152.0,-1692.0,20820.0,-434.0,359.0,19.0,0.345,12.33,4.24,normal
32.995,5612.0,-1704.0,19648.0,-152.0,1116.0,-123.0,0.246,12.28,3.01,normal
33.103,6764.0,-1768.0,17268.0,-320.0,1695.0,-269.0,0.16,12.25,1.95,normal
33.21,616.0,-1304.0,22624.0,-352.0,19.0,-13.0,0.124,12.24,1.52,normal
33.319,2076.0,-1052.0,22396.0,-231.0,128.0,-301.0,0.156,12.26,1.91,normal
33.426,3496.0,-916.0,18628.0,-343.0,855.0,-58.0,0.235,12.3,2.9,normal
33.534,776.0,416.0,16824.0,-436.0,509.0,74.0,0.328,12.36,4.06,normal
33.642,-824.0,844.0,23692.0,-260.0,172.0,-265.0,0.422,12.37,5.22,normal
33.751,-516.0,-1036.0,21988.0,-386.0,323.0,-190.0,0.435,12.36,5.37,normal
33.859,1984.0,-52.0,21328.0,-445.0,512.0,-52.0,0.389,12.34,4.8,normal
33.967,52.0,556.0,22592.0,-274.0,152.0,-90.0,0.225,12.27,2.76,normal
34.075,2604.0,1116.0,19612.0,-425.0,116.0,24.0,0.151,12.24,1.85,normal
34.183,164.0,-72.0,21904.0,-417.0,107.0,-179.0,0.123,12.23,1.51,normal
34.291,1676.0,820.0,18740.0,-306.0,704.0,-157.0,0.159,12.28,1.95,normal
34.4,-392.0,-1256.0,21248.0,-427.0,-145.0,-142.0,0.279,12.32,3.44,normal
34.507,3548.0,-572.0,18896.0,-405.0,740.0,-126.0,0.342,12.35,4.22,normal
34.615,2120.0,-1772.0,22292.0,-421.0,648.0,-191.0,0.426,12.37,5.12,normal
34.723,5112.0,864.0,19884.0,-841.0,361.0,59.0,0.428,12.36,5.28,normal
34.832,-128.0,-524.0,22412.0,-204.0,191.0,-152.0,0.362,12.33,4.45,normal
34.94,1716.0,-16.0,22768.0,-432.0,1386.0,-223.0,0.267,12.27,3.27,normal
35.047,5424.0,936.0,20444.0,-561.0,1122.0,30.0,0.159,12.25,1.95,normal
35.156,-2056.0,-1128.0,21324.0,-285.0,135.0,-143.0,0.128,12.23,1.56,normal
35.265,-1108.0,-716.0,24252.0,-287.0,201.0,-92.0,0.132,12.24,1.63,normal
35.372,-1668.0,-328.0,21776.0,-548.0,-44.0,-119.0,0.232,12.3,2.86,normal
35.48,792.0,-1116.0,20832.0,-410.0,-48.0,21.0,0.328,12.35,4.05,normal
35.588,912.0,-244.0,21624.0,-342.0,226.0,-56.0,0.393,12.37,4.86,normal
35.695,2896.0,-968.0,20720.0,-595.0,775.0,-69.0,0.433,12.36,5.35,normal
35.804,-832.0,-2052.0,23420.0,-278.0,179.0,-142.0,0.397,12.34,4.89,normal
35.912,996.0,-2368.0,22052.0,-293.0,52.0,154.0,0.292,12.32,3.59,normal
36.02,1628.0,408.0,21856.0,-451.0,10.0,-8.0,0.218,12.25,2.67,normal
36.129,-1136.0,-2008.0,21632.0,-233.0,-129.0,-238.0,0.136,12.24,1.67,normal
36.236,-1308.0,-532.0,23880.0,-415.0,87.0,-140.0,0.127,12.24,1.56,normal
36.345,-3356.0,-1228.0,24636.0,-277.0,-902.0,27.0,0.159,12.26,1.95,normal
36.453,340.0,1380.0,21096.0,-418.0,183.0,218.0,0.281,12.32,3.47,normal
36.561,-1476.0,376.0,20308.0,-454.0,59.0,-15.0,0.352,12.35,4.34,normal
36.669,664.0,-1752.0,21964.0,-256.0,380.0,-170.0,0.4,12.37,4.95,normal
36.777,-2000.0,-876.0,22388.0,-504.0,107.0,-53.0,0.427,12.36,5.43,normal
36.886,3784.0,-1260.0,20188.0,-203.0,977.0,84.0,0.381,12.34,4.7,normal
36.994,448.0,-1076.0,20756.0,-370.0,185.0,-74.0,0.277,12.3,3.4,normal
37.102,288.0,-1980.0,21520.0,-216.0,481.0,-181.0,0.206,12.25,2.52,normal
37.21,-792.0,344.0,20372.0,-543.0,-109.0,-201.0,0.13,12.24,1.6,normal
37.318,2380.0,-1880.0,22000.0,-246.0,662.0,-160.0,0.124,12.24,1.52,normal
37.426,4444.0,-1168.0,17600.0,-272.0,951.0,-7.0,0.156,12.25,1.91,normal
37.534,-1300.0,-988.0,22272.0,-167.0,-213.0,-158.0,0.277,12.32,3.41,normal
37.641,-312.0,-852.0,23696.0,-469.0,96.0,-222.0,0.348,12.35,4.3,normal
37.751,-4588.0,-2204.0,23664.0,-8.0,-1352.0,247.0,0.405,12.37,5.0,normal
37.858,-2204.0,-1080.0,22308.0,-459.0,-528.0,79.0,0.431,12.36,5.4,normal
37.966,2848.0,-2552.0,22312.0,-290.0,336.0,-132.0,0.403,12.34,4.97,normal
38.074,5360.0,24.0,14628.0,-306.0,1059.0,-94.0,0.314,12.32,3.86,normal
38.183,-1828.0,-1876.0,24004.0,-265.0,-213.0,-122.0,0.229,12.26,2.8,normal
38.292,1272.0,-1076.0,22508.0,-222.0,346.0,-165.0,0.126,12.23,1.54,normal
38.399,460.0,-124.0,22116.0,-357.0,107.0,-41.0,0.129,12.24,1.58,normal
38.508,-1316.0,-1052.0,21180.0,-181.0,-217.0,-184.0,0.166,12.26,2.03,normal
38.617,1396.0,-1736.0,21688.0,-219.0,493.0,-74.0,0.313,12.35,3.47,normal
38.725,312.0,-3048.0,21740.0,-171.0,255.0,-91.0,0.377,12.36,4.66,normal
38.833,1268.0,-508.0,21224.0,-343.0,409.0,-265.0,0.454,12.37,5.61,normal
38.941,4504.0,-2860.0,18388.0,-240.0,1184.0,-138.0,0.427,12.35,5.28,normal
39.049,-424.0,140.0,22896.0,-444.0,-125.0,-48.0,0.345,12.32,4.24,normal
39.157,-1576.0,-1308.0,23152.0,106.0,-833.0,189.0,0.238,12.28,2.92,normal
39.265,1876.0,-1820.0,21556.0,-600.0,-581.0,225.0,0.163,12.25,2.0,normal
39.372,2528.0,300.0,18120.0,-496.0,763.0,173.0,0.123,12.24,1.5,normal
39.48,1812.0,-892.0,21368.0,-30.0,668.0,-72.0,0.15,12.26,1.84,normal
39.588,1564.0,-1308.0,21384.0,-478.0,237.0,-152.0,0.213,12.3,2.62,normal
39.696,-1260.0,-784.0,22064.0,-421.0,-52.0,-141.0,0.332,12.35,4.1,normal
39.805,2552.0,-912.0,19976.0,-266.0,398.0,-19.0,0.405,12.37,5.01,normal
39.913,3016.0,512.0,20268.0,-473.0,110.0,-27.0,0.436,12.37,5.39,normal
40.021,1168.0,-428.0,21824.0,-512.0,349.0,-120.0,0.42,12.33,5.18,normal
40.13,-3128.0,-844.0,25220.0,-555.0,-64.0,-47.0,0.265,12.3,3.25,normal
40.237,-688.0,-540.0,23628.0,-294.0,160.0,-383.0,0.19,12.26,2.33,normal
40.346,-508.0,-1140.0,21820.0,-758.0,180.0,59.0,0.141,12.24,1.72,normal
40.454,-280.0,-716.0,21800.0,-376.0,-22.0,-135.0,0.132,12.24,1.62,normal
40.562,1856.0,480.0,20176.0,-94.0,727.0,-285.0,0.168,12.26,2.06,normal
40.67,5684.0,1256.0,18668.0,-470.0,874.0,114.0,0.244,12.31,3.0,normal
40.778,296.0,252.0,20760.0,-487.0,187.0,-5.0,0.375,12.36,4.63,normal
40.886,392.0,-748.0,21364.0,-116.0,132.0,0.0,0.414,12.37,5.12,normal
40.994,-1624.0,-900.0,22276.0,-493.0,-144.0,-232.0,0.43,12.37,5.31,normal
41.102,1032.0,-1000.0,22084.0,-448.0,198.0,-102.0,0.32,12.32,4.67,normal
41.21,-1072.0,-928.0,21828.0,-321.0,109.0,-128.0,0.22,12.28,2.7,normal
41.318,-788.0,-36.0,22256.0,-242.0,219.0,-355.0,0.161,12.24,1.97,normal
41.426,-236.0,-792.0,22852.0,-428.0,155.0,-43.0,0.128,12.23,1.57,normal
41.533,1760.0,-972.0,21056.0,-374.0,288.0,-197.0,0.15,12.26,1.84,normal
41.642,3196.0,-52.0,17772.0,-78.0,924.0,-131.0,0.201,12.29,2.48,normal
41.751,-1012.0,-1492.0,19012.0,-264.0,116.0,-145.0,0.307,12.33,3.78,normal
41.858,696.0,-992.0,21404.0,-376.0,166.0,-124.0,0.399,12.37,4.93,normal
41.966,4136.0,-412.0,17248.0,-58.0,1084.0,56.0,0.424,12.37,5.24,normal
42.075,-116.0,1916.0,22712.0,-357.0,-29.0,-42.0,0.417,12.35,5.14,normal
42.183,-1368.0,-164.0,21808.0,-434.0,-501.0,-77.0,0.277,12.3,4.12,normal
42.29,1552.0,-768.0,19460.0,-189.0,174.0,-18.0,0.198,12.26,2.43,normal
42.399,-1416.0,-640.0,22188.0,-390.0,-386.0,-30.0,0.15,12.24,1.83,normal
42.506,-360.0,172.0,22124.0,-352.0,118.0,28.0,0.122,12.24,1.49,normal
42.614,-372.0,-992.0,22540.0,-41.0,172.0,-76.0,0.144,12.25,1.77,normal
42.723,3748.0,524.0,18020.0,-89.0,880.0,37.0,0.182,12.28,2.24,normal
42.831,1004.0,-400.0,21772.0,-500.0,183.0,32.0,0.269,12.32,3.32,normal
42.939,-2904.0,100.0,24180.0,-256.0,-568.0,-142.0,0.385,12.36,4.76,normal
43.047,-2100.0,-152.0,22508.0,-200.0,-279.0,-108.0,0.42,12.37,5.19,normal
43.154,6636.0,-404.0,18404.0,-345.0,688.0,-147.0,0.436,12.36,5.38,normal
43.263,-448.0,-2272.0,20964.0,-402.0,191.0,35.0,0.373,12.33,5.07,normal
43.37,-2916.0,1244.0,22608.0,-348.0,-448.0,-37.0,0.267,12.3,3.27,normal
43.479,-548.0,-2020.0,21636.0,-264.0,198.0,-22.0,0.193,12.27,2.36,normal
43.587,2964.0,168.0,19568.0,-580.0,437.0,90.0,0.145,12.24,1.78,normal
43.695,1156.0,-1476.0,21676.0,-403.0,707.0,-86.0,0.123,12.24,1.5,normal
43.803,-1336.0,-1248.0,22876.0,-301.0,-64.0,-228.0,0.142,12.27,1.74,normal
43.912,-2876.0,-344.0,23524.0,-486.0,-449.0,18.0,0.217,12.3,2.68,normal
44.02,-1148.0,-308.0,21548.0,-517.0,-51.0,-114.0,0.364,12.35,4.5,normal
44.128,5200.0,676.0,18916.0,-435.0,1210.0,-58.0,0.392,12.37,4.85,normal
44.236,-152.0,-1360.0,21068.0,-296.0,210.0,-78.0,0.448,12.37,5.53,normal
44.345,2532.0,-652.0,19688.0,-317.0,929.0,-335.0,0.379,12.34,5.12,normal
44.452,320.0,-1692.0,23152.0,-201.0,369.0,-259.0,0.285,12.32,3.51,normal
44.56,6056.0,508.0,17852.0,-326.0,1443.0,68.0,0.219,12.27,2.68,normal
44.668,5544.0,1144.0,19920.0,-376.0,1165.0,-107.0,0.164,12.24,2.01,normal
44.776,1732.0,-1016.0,21572.0,-348.0,429.0,-50.0,0.119,12.24,1.46,normal
44.884,712.0,-976.0,21280.0,-148.0,79.0,5.0,0.133,12.25,1.63,normal
44.992,1160.0,-760.0,20572.0,-320.0,378.0,-58.0,0.166,12.27,2.03,normal
45.099,12.0,-796.0,21292.0,-415.0,287.0,-172.0,0.281,12.33,3.47,normal
45.207,-968.0,-696.0,22308.0,-235.0,-80.0,-172.0,0.343,12.35,4.23,normal
45.316,776.0,-1800.0,21948.0,-314.0,251.0,70.0,0.391,12.37,4.83,normal
45.424,2288.0,184.0,20252.0,-373.0,65.0,25.0,0.432,12.37,5.19,normal
45.532,2816.0,744.0,17656.0,-879.0,533.0,313.0,0.43,12.36,5.3,normal
45.641,1256.0,-1756.0,21020.0,-173.0,615.0,-8.0,0.37,12.33,4.55,normal
45.749,7656.0,308.0,17220.0,-434.0,574.0,273.0,0.294,12.28,3.61,normal
45.857,-180.0,-956.0,20668.0,-594.0,212.0,-100.0,0.189,12.26,2.31,normal
45.965,-2836.0,-184.0,23748.0,-277.0,-234.0,-170.0,0.141,12.24,1.72,normal
46.073,-788.0,-1048.0,20900.0,-318.0,-270.0,-80.0,0.12,12.24,1.47,normal
46.181,-1008.0,-332.0,22340.0,-403.0,-90.0,-35.0,0.148,12.26,1.82,normal
46.289,-984.0,-104.0,22768.0,-433.0,-117.0,-128.0,0.22,12.3,2.71,normal
46.397,472.0,-724.0,21252.0,-270.0,360.0,-126.0,0.31,12.34,3.83,normal
46.505,-480.0,-1736.0,21140.0,-8.0,-55.0,-51.0,0.408,12.37,5.05,normal
46.612,536.0,-1404.0,21544.0,-425.0,478.0,-100.0,0.434,12.37,5.36,normal
46.721,-944.0,-2392.0,21548.0,-115.0,-101.0,-228.0,0.414,12.36,5.11,normal
46.829,2452.0,-1064.0,21096.0,-283.0,607.0,46.0,0.328,12.3,4.03,normal
46.937,184.0,268.0,25080.0,-447.0,912.0,-140.0,0.195,12.26,2.39,normal
47.045,52.0,-676.0,21460.0,-423.0,337.0,-132.0,0.145,12.24,1.77,normal
47.153,292.0,-1416.0,20636.0,-186.0,435.0,-25.0,0.127,12.23,1.56,normal
47.261,-80.0,-1848.0,22136.0,-366.0,177.0,-87.0,0.165,12.25,2.03,normal
47.369,2936.0,960.0,19280.0,-651.0,747.0,10.0,0.211,12.29,2.61,normal
47.48,2360.0,-424.0,21412.0,-384.0,552.0,-4.0,0.268,12.33,3.3,normal
47.586,3944.0,-892.0,20168.0,-294.0,725.0,-222.0,0.385,12.36,4.76,normal
47.694,-184.0,120.0,22672.0,-265.0,4.0,-242.0,0.421,12.37,5.21,normal
47.802,1636.0,-120.0,19928.0,-567.0,343.0,-130.0,0.44,12.36,5.43,normal
47.91,-236.0,300.0,23684.0,-168.0,258.0,-152.0,0.405,12.33,5.0,normal
48.018,-1676.0,-744.0,22872.0,-345.0,-97.0,-118.0,0.265,12.3,3.25,normal
48.126,-2892.0,-604.0,24212.0,-303.0,-810.0,66.0,0.192,12.26,2.36,normal
48.234,-136.0,-840.0,22080.0,-521.0,144.0,-118.0,0.143,12.24,1.75,normal
48.342,1876.0,224.0,22848.0,-299.0,326.0,-145.0,0.13,12.24,1.59,normal
48.45,504.0,-1844.0,22440.0,-331.0,249.0,-185.0,0.166,12.26,2.03,normal
48.558,-472.0,-2096.0,23452.0,-475.0,191.0,-99.0,0.257,12.32,3.17,normal
48.666,1548.0,-592.0,22624.0,-399.0,249.0,-182.0,0.381,12.36,4.26,normal
48.774,-996.0,-168.0,22352.0,-432.0,100.0,-82.0,0.417,12.37,5.15,normal
48.882,-1416.0,536.0,21412.0,-387.0,-366.0,-88.0,0.438,12.36,5.4,normal
48.991,1240.0,-316.0,21380.0,-467.0,777.0,-100.0,0.402,12.32,4.95,normal
49.099,-796.0,224.0,23500.0,-202.0,-61.0,-105.0,0.239,12.28,2.93,normal
49.207,-984.0,212.0,22108.0,-446.0,-55.0,-171.0,0.166,12.25,2.03,normal
49.315,-4440.0,-1204.0,25404.0,-362.0,-532.0,-65.0,0.128,12.24,1.56,normal
49.423,800.0,-728.0,20552.0,-471.0,639.0,-166.0,0.138,12.26,1.7,normal
49.531,-1792.0,-1460.0,22544.0,-202.0,-142.0,33.0,0.195,12.28,2.4,normal
49.639,3548.0,-576.0,19556.0,-373.0,344.0,64.0,0.278,12.33,3.43,normal
49.747,-1372.0,276.0,21468.0,-610.0,-247.0,-139.0,0.393,12.36,4.47,normal
49.855,2028.0,-884.0,19992.0,-344.0,94.0,28.0,0.406,12.37,5.03,normal
49.963,-872.0,176.0,22596.0,-317.0,230.0,-50.0,0.418,12.36,5.15,normal
50.071,1868.0,-704.0,21020.0,-147.0,199.0,-138.0,0.355,12.31,4.37,normal
50.179,412.0,-268.0,21424.0,-455.0,61.0,-51.0,0.207,12.27,2.53,normal
50.287,-56.0,-1592.0,21616.0,-198.0,-88.0,-300.0,0.143,12.25,1.75,normal
50.395,496.0,1168.0,21200.0,-405.0,125.0,-96.0,0.123,12.24,1.5,normal
50.503,-1340.0,-2168.0,19836.0,-286.0,971.0,-424.0,0.158,12.26,1.94,normal
50.611,11520.0,-2160.0,17988.0,-406.0,2367.0,-121.0,0.233,12.3,2.88,normal
50.72,476.0,-368.0,20764.0,-112.0,-97.0,-125.0,0.366,12.36,4.52,normal
50.83,1784.0,956.0,20260.0,-479.0,533.0,-1.0,0.412,12.37,5.09,normal
50.937,-540.0,208.0,23020.0,-246.0,-134.0,-142.0,0.427,12.36,5.27,normal
51.045,-1460.0,-1176.0,23256.0,-344.0,90.0,-89.0,0.377,12.33,4.64,normal
51.153,-1992.0,-888.0,22828.0,-220.0,-384.0,-107.0,0.269,12.3,3.3,normal
51.261,-572.0,12.0,22012.0,-479.0,-229.0,27.0,0.164,12.25,2.01,normal
51.369,2652.0,160.0,20916.0,-399.0,699.0,-157.0,0.134,12.24,1.64,normal
51.477,-620.0,1264.0,22788.0,-591.0,-209.0,-152.0,0.126,12.23,1.54,normal
51.585,-1144.0,-172.0,23064.0,-123.0,-251.0,-139.0,0.168,12.27,1.8,normal
51.693,-696.0,-724.0,26324.0,-401.0,-41.0,-144.0,0.249,12.32,3.06,normal
51.801,11232.0,2196.0,18012.0,-480.0,2446.0,61.0,0.343,12.35,4.24,normal
51.909,2256.0,-1108.0,20936.0,-328.0,38.0,-66.0,0.426,12.37,5.27,normal
52.017,2512.0,-688.0,19844.0,-92.0,437.0,37.0,0.429,12.36,5.3,normal
52.125,-216.0,-88.0,21276.0,-381.0,170.0,-115.0,0.384,12.34,4.73,normal
52.233,4508.0,-1680.0,18668.0,-418.0,752.0,-175.0,0.284,12.31,3.49,normal
52.341,2988.0,-1740.0,21308.0,-385.0,1072.0,-81.0,0.164,12.26,2.02,normal
52.449,3252.0,1296.0,20152.0,-535.0,896.0,-69.0,0.125,12.25,1.53,normal
52.558,-512.0,-2180.0,21252.0,-235.0,-118.0,29.0,0.125,12.24,1.53,normal
52.664,820.0,-1100.0,22924.0,-127.0,690.0,-49.0,0.173,12.27,2.13,normal
52.774,2044.0,-152.0,20316.0,-341.0,736.0,-52.0,0.252,12.31,3.11,normal
52.882,-1780.0,-4244.0,23560.0,-6.0,-298.0,-161.0,0.338,12.34,4.18,normal
52.99,-2464.0,-3204.0,27160.0,-124.0,-472.0,-26.0,0.398,12.37,4.92,normal
53.097,1668.0,-956.0,21040.0,-494.0,587.0,-38.0,0.429,12.37,5.3,normal
53.206,2516.0,-1588.0,21264.0,-225.0,557.0,-102.0,0.397,12.34,4.89,normal
53.314,1404.0,-372.0,20992.0,-353.0,372.0,-138.0,0.298,12.31,3.66,normal
53.423,-868.0,-1108.0,22744.0,-593.0,226.0,-106.0,0.183,12.26,2.25,normal
53.53,-56.0,-1280.0,21944.0,-336.0,112.0,-25.0,0.141,12.24,1.72,normal
53.638,3324.0,284.0,19080.0,-191.0,-275.0,53.0,0.121,12.24,1.48,normal
53.746,5136.0,-1308.0,16648.0,-367.0,991.0,-5.0,0.17,12.27,2.1,normal
53.854,252.0,244.0,21820.0,-489.0,1108.0,-392.0,0.267,12.32,3.3,normal
53.962,3164.0,-1520.0,18632.0,-365.0,476.0,79.0,0.364,12.35,4.5,normal
54.07,-1276.0,1972.0,20752.0,-305.0,-801.0,-271.0,0.405,12.37,5.01,normal
54.177,-1852.0,-8.0,25004.0,-478.0,-451.0,-93.0,0.413,12.36,5.09,normal
54.286,-908.0,-92.0,23184.0,-555.0,68.0,-19.0,0.361,12.33,4.44,normal
54.396,1612.0,-996.0,19476.0,-488.0,42.0,33.0,0.259,12.29,3.18,normal
54.503,-560.0,448.0,22204.0,-255.0,112.0,-110.0,0.165,12.25,2.02,normal
54.611,1076.0,-152.0,22488.0,-315.0,411.0,-248.0,0.13,12.24,1.59,normal
54.718,-324.0,592.0,22556.0,-511.0,-97.0,22.0,0.121,12.25,1.48,normal
54.827,2524.0,-1840.0,19004.0,-143.0,433.0,-181.0,0.161,12.28,1.98,normal
54.935,964.0,-1476.0,20324.0,-209.0,133.0,74.0,0.254,12.3,3.13,normal
55.043,-1292.0,76.0,26696.0,-306.0,819.0,-119.0,0.336,12.34,4.15,normal
55.15,1936.0,-2116.0,21684.0,-530.0,625.0,-222.0,0.406,12.36,5.02,normal
55.259,-1080.0,-1768.0,21240.0,-401.0,103.0,-185.0,0.433,12.36,5.35,normal
55.367,2772.0,-456.0,21904.0,-191.0,589.0,-116.0,0.398,12.35,4.91,normal
55.475,-292.0,124.0,24012.0,-360.0,111.0,-154.0,0.329,12.32,4.04,normal
55.583,-1900.0,-1552.0,22524.0,-289.0,20.0,-252.0,0.194,12.27,2.37,normal
55.691,-728.0,376.0,22928.0,-567.0,-117.0,5.0,0.143,12.24,1.74,normal
55.799,856.0,-636.0,20208.0,-361.0,513.0,18.0,0.12,12.24,1.47,normal
55.907,3088.0,1256.0,19096.0,-391.0,741.0,233.0,0.151,12.26,1.85,normal
56.014,4016.0,-348.0,18556.0,-252.0,978.0,-78.0,0.205,12.29,2.52,normal
56.124,1600.0,-1000.0,20244.0,-311.0,532.0,-93.0,0.294,12.33,3.63,normal
56.233,1956.0,-1404.0,23268.0,-293.0,94.0,-60.0,0.345,12.36,4.27,normal
56.34,2496.0,1192.0,19156.0,-270.0,526.0,-38.0,0.43,12.37,5.32,normal
56.447,1044.0,256.0,19076.0,-626.0,423.0,-77.0,0.418,12.35,5.16,normal
56.556,2860.0,-64.0,19716.0,-565.0,363.0,70.0,0.334,12.33,4.12,normal
56.664,2836.0,-364.0,19920.0,-276.0,400.0,89.0,0.197,12.26,2.42,normal
56.772,-232.0,140.0,23420.0,-278.0,102.0,-310.0,0.143,12.24,1.75,normal
56.88,-256.0,-336.0,20864.0,-603.0,158.0,-168.0,0.124,12.23,1.51,normal
56.988,-1120.0,-428.0,24620.0,-462.0,-393.0,-257.0,0.165,12.26,1.75,normal
57.095,-3636.0,460.0,21824.0,-509.0,-257.0,-51.0,0.251,12.31,3.09,normal
57.204,1300.0,48.0,20464.0,-145.0,1252.0,-259.0,0.349,12.35,4.31,normal
57.312,5820.0,1248.0,19160.0,-484.0,991.0,14.0,0.403,12.36,4.99,normal
57.42,3560.0,772.0,21156.0,-278.0,32.0,-20.0,0.43,12.36,5.31,normal
57.528,472.0,-64.0,20712.0,-556.0,233.0,-12.0,0.399,12.34,4.91,normal
57.636,856.0,84.0,21384.0,-147.0,125.0,-163.0,0.277,12.3,3.41,normal
57.744,3648.0,180.0,19976.0,-407.0,603.0,-88.0,0.16,12.25,1.96,normal
57.852,-576.0,-716.0,21776.0,-380.0,31.0,-30.0,0.127,12.23,1.56,normal
57.96,680.0,1392.0,19800.0,-675.0,285.0,-165.0,0.132,12.25,1.62,normal
58.069,3760.0,-2696.0,20112.0,-103.0,1344.0,-232.0,0.224,12.3,2.04,normal
58.177,-1396.0,160.0,19596.0,-227.0,374.0,-34.0,0.326,12.34,4.03,normal
58.285,2736.0,-1484.0,19472.0,-332.0,912.0,-77.0,0.398,12.36,4.92,normal
58.393,7416.0,648.0,17240.0,-445.0,1480.0,322.0,0.425,12.36,5.26,normal
58.501,2392.0,-148.0,19856.0,-298.0,406.0,-58.0,0.389,12.34,4.79,normal
58.609,-1056.0,-1316.0,24864.0,-553.0,65.0,-227.0,0.295,12.29,3.62,normal
58.717,3708.0,1336.0,19284.0,-528.0,303.0,115.0,0.201,12.26,2.46,normal
58.825,2792.0,208.0,20488.0,-411.0,616.0,-57.0,0.131,12.24,1.6,normal
58.932,1588.0,-2404.0,20832.0,-63.0,454.0,-125.0,0.117,12.25,1.43,normal
59.041,2012.0,-56.0,20456.0,-158.0,235.0,17.0,0.15,12.25,1.84,normal
59.148,-1940.0,-1904.0,24036.0,-807.0,-8.0,14.0,0.257,12.3,2.37,normal
59.257,4684.0,-360.0,18324.0,-289.0,888.0,-7.0,0.326,12.34,4.02,normal
59.366,-3612.0,-252.0,25852.0,-589.0,-501.0,-258.0,0.378,12.36,4.68,normal
59.473,540.0,-96.0,24080.0,-228.0,161.0,-78.0,0.422,12.36,5.22,normal
59.581,60.0,-1244.0,22344.0,-325.0,419.0,-101.0,0.427,12.35,5.26,normal
59.689,-1516.0,-2064.0,21776.0,-341.0,279.0,-184.0,0.343,12.33,4.21,normal
59.798,-168.0,188.0,22196.0,-427.0,124.0,-117.0,0.267,12.3,3.28,normal
59.906,2336.0,-716.0,21532.0,-649.0,418.0,113.0,0.17,12.25,2.08,normal
60.014,1708.0,-320.0,21440.0,-273.0,423.0,33.0,0.128,12.25,1.57,normal
60.122,344.0,-1348.0,21856.0,-270.0,565.0,-82.0,0.119,12.25,1.46,normal
60.23,1632.0,-1140.0,22620.0,-350.0,287.0,-44.0,0.176,12.27,1.84,normal
60.338,4236.0,-60.0,20508.0,-455.0,1597.0,-40.0,0.275,12.32,3.39,normal
60.445,6516.0,-80.0,17692.0,-295.0,1390.0,-35.0,0.336,12.36,4.15,normal
60.554,120.0,-992.0,19400.0,-175.0,-133.0,82.0,0.428,12.36,5.29,normal
60.662,-2052.0,-16.0,22028.0,-388.0,-104.0,-85.0,0.412,12.35,5.08,normal
60.77,312.0,200.0,20992.0,-298.0,13.0,-69.0,0.358,12.33,4.4,normal
60.878,3340.0,-2024.0,19380.0,-278.0,341.0,43.0,0.264,12.29,3.24,normal
60.986,-588.0,-2612.0,22756.0,-244.0,269.0,-271.0,0.153,12.24,1.87,normal
61.094,3100.0,-152.0,19700.0,-277.0,480.0,-63.0,0.127,12.24,1.55,normal
61.202,-44.0,-1748.0,22328.0,-170.0,-266.0,22.0,0.129,12.24,1.58,normal
61.311,-2808.0,-880.0,23380.0,-340.0,-618.0,175.0,0.177,12.27,1.84,normal
61.419,2820.0,-1184.0,19928.0,-465.0,374.0,-152.0,0.263,12.32,3.24,normal
61.526,20.0,320.0,21016.0,-365.0,-214.0,-64.0,0.333,12.35,4.12,normal
61.635,2104.0,408.0,21488.0,-541.0,748.0,-123.0,0.386,12.36,4.77,normal
61.743,260.0,-1460.0,21552.0,-101.0,6.0,-109.0,0.438,12.36,5.41,normal
61.851,1996.0,-760.0,20788.0,-491.0,539.0,-172.0,0.426,12.35,5.26,normal
61.959,-1924.0,100.0,22624.0,-638.0,-180.0,-206.0,0.382,12.33,4.71,normal
62.067,2096.0,-640.0,20684.0,-164.0,382.0,-81.0,0.229,12.28,2.81,normal
62.175,228.0,172.0,20024.0,-418.0,-215.0,-131.0,0.172,12.27,2.1,normal
62.283,1932.0,-808.0,19116.0,-196.0,50.0,115.0,0.146,12.23,1.79,normal
62.391,2188.0,-2220.0,23176.0,-568.0,1311.0,114.0,0.126,12.24,1.49,normal
62.499,-1128.0,-1112.0,21860.0,-379.0,200.0,-120.0,0.157,12.26,1.92,normal
62.607,280.0,-924.0,22760.0,-253.0,767.0,-145.0,0.198,12.29,2.44,normal
62.715,2188.0,408.0,21524.0,-349.0,551.0,-68.0,0.265,12.32,3.26,normal
62.823,692.0,-2528.0,22776.0,-174.0,915.0,-138.0,0.405,12.36,5.01,normal
62.93,-352.0,460.0,21472.0,-489.0,126.0,-38.0,0.421,12.37,5.21,normal
63.039,432.0,308.0,20168.0,-481.0,178.0,100.0,0.406,12.36,5.01,normal
63.147,156.0,-2080.0,23108.0,13.0,-427.0,-133.0,0.357,12.33,4.4,normal
63.255,-5484.0,-460.0,26628.0,-239.0,-781.0,-19.0,0.269,12.3,3.3,normal
63.364,812.0,-604.0,21084.0,-490.0,697.0,-215.0,0.195,12.26,2.39,normal
63.472,1264.0,-252.0,23668.0,-543.0,391.0,-284.0,0.14,12.26,1.72,normal
63.58,2628.0,-1252.0,20212.0,-528.0,633.0,-73.0,0.137,12.24,1.68,normal
63.688,-316.0,-532.0,23128.0,-72.0,-271.0,-136.0,0.151,12.26,1.85,normal
63.794,392.0,696.0,21368.0,-484.0,-49.0,23.0,0.2,12.28,2.46,normal
63.904,3380.0,-516.0,19208.0,-351.0,395.0,-85.0,0.333,12.34,4.11,normal
64.012,-1272.0,-308.0,23120.0,-248.0,-113.0,-223.0,0.393,12.36,4.86,normal
64.12,708.0,-612.0,21352.0,-531.0,171.0,-14.0,0.44,12.36,5.43,normal
64.228,-5720.0,-1140.0,29292.0,-188.0,-1005.0,-254.0,0.401,12.34,4.95,normal
64.336,8524.0,3136.0,15104.0,-523.0,1526.0,471.0,0.266,12.29,3.26,normal
64.445,-120.0,-1280.0,22208.0,-355.0,139.0,-147.0,0.198,12.27,2.42,normal
64.552,2416.0,404.0,21496.0,-602.0,461.0,-31.0,0.149,12.23,1.82,normal
64.661,-452.0,-1252.0,22316.0,-332.0,2.0,-53.0,0.124,12.24,1.52,normal
64.769,640.0,-1500.0,22476.0,-155.0,142.0,-221.0,0.146,12.25,1.79,normal
64.877,2280.0,296.0,21748.0,-588.0,339.0,-238.0,0.183,12.28,2.25,normal
64.985,-520.0,52.0,21280.0,-281.0,-147.0,-91.0,0.32,12.34,3.96,normal
65.093,852.0,-1588.0,21944.0,-344.0,-27.0,-42.0,0.384,12.36,4.74,normal
65.202,-5808.0,-484.0,27808.0,-390.0,-809.0,-122.0,0.43,12.37,5.31,normal
65.31,-1840.0,820.0,23104.0,-413.0,4.0,-93.0,0.418,12.35,5.33,normal
65.418,5160.0,320.0,20808.0,-534.0,1001.0,-309.0,0.344,12.32,4.23,normal
65.525,3832.0,20.0,19840.0,-401.0,980.0,48.0,0.252,12.29,3.09,normal
65.634,896.0,-1160.0,20288.0,-313.0,370.0,-39.0,0.186,12.24,2.27,normal
65.742,3812.0,-1680.0,20784.0,-366.0,658.0,-154.0,0.129,12.23,1.58,normal
65.85,1700.0,-2156.0,22764.0,-215.0,755.0,-260.0,0.129,12.24,1.59,normal
65.958,1312.0,648.0,20812.0,-260.0,28.0,-44.0,0.165,12.27,2.03,normal
66.066,2072.0,-744.0,20072.0,-292.0,329.0,127.0,0.301,12.33,3.72,normal
66.174,-4736.0,1068.0,26056.0,-457.0,-211.0,-228.0,0.35,12.35,4.32,normal
66.282,-5412.0,-160.0,22480.0,-358.0,-934.0,-58.0,0.418,12.36,5.16,normal
66.39,-596.0,-1124.0,23532.0,-201.0,137.0,-8.0,0.427,12.36,5.31,normal
66.498,-1600.0,364.0,22196.0,-340.0,-285.0,-87.0,0.407,12.34,5.01,normal
66.606,636.0,-496.0,20240.0,-335.0,-54.0,-102.0,0.325,12.32,3.99,normal
66.714,-416.0,-436.0,22332.0,-450.0,48.0,-56.0,0.238,12.26,2.92,normal
66.822,2276.0,92.0,20804.0,-484.0,-45.0,21.0,0.144,12.24,1.76,normal
66.931,-1620.0,-1336.0,22120.0,-198.0,-35.0,-90.0,0.124,12.23,1.51,normal
67.039,-264.0,556.0,22232.0,-299.0,231.0,-224.0,0.138,12.24,1.69,normal
67.147,2744.0,-1860.0,18760.0,-294.0,946.0,12.0,0.19,12.29,2.34,normal
67.255,3184.0,2028.0,17088.0,-491.0,-476.0,-241.0,0.275,12.33,3.38,normal
67.363,88.0,-1664.0,23608.0,-311.0,1.0,-221.0,0.343,12.35,4.24,normal
67.471,2596.0,-1364.0,19836.0,-349.0,10.0,0.0,0.418,12.37,4.68,normal
67.579,-336.0,-588.0,22540.0,-197.0,31.0,-116.0,0.422,12.36,5.21,normal
67.687,-2028.0,496.0,23820.0,-503.0,-27.0,-267.0,0.419,12.34,5.17,normal
67.795,884.0,-364.0,19308.0,-396.0,215.0,-136.0,0.328,12.3,4.04,normal
67.903,-1568.0,-5200.0,23472.0,-298.0,-27.0,-236.0,0.196,12.26,2.4,normal
68.012,2280.0,-364.0,20060.0,-233.0,553.0,93.0,0.143,12.24,1.75,normal
68.12,-1580.0,-216.0,26032.0,-499.0,-306.0,-195.0,0.123,12.24,1.5,normal
68.227,2952.0,-552.0,21100.0,-203.0,677.0,-170.0,0.159,12.26,1.94,normal
68.336,-4316.0,-228.0,23272.0,-572.0,-893.0,-113.0,0.224,12.3,2.76,normal
68.443,1240.0,-316.0,22084.0,-523.0,157.0,-39.0,0.303,12.34,3.74,normal
68.551,2080.0,516.0,19696.0,-376.0,801.0,-139.0,0.399,12.36,4.5,normal
68.659,156.0,-2496.0,21788.0,-244.0,183.0,-69.0,0.421,12.36,5.2,normal
68.768,488.0,-2596.0,21564.0,-251.0,394.0,-185.0,0.425,12.36,5.25,normal
68.876,-1760.0,-324.0,24480.0,-243.0,-50.0,-366.0,0.41,12.32,5.06,normal
68.984,2312.0,168.0,19760.0,-420.0,370.0,-98.0,0.235,12.29,2.88,normal
69.092,2532.0,968.0,19660.0,-313.0,410.0,168.0,0.175,12.24,2.14,normal
69.2,-944.0,-1700.0,20632.0,-160.0,286.0,-37.0,0.128,12.24,1.57,normal
69.308,1096.0,140.0,20684.0,-508.0,-111.0,-54.0,0.14,12.25,1.71,normal
69.416,2596.0,-184.0,19640.0,-262.0,462.0,-21.0,0.178,12.28,2.19,normal
69.524,-484.0,68.0,20228.0,-468.0,-18.0,-89.0,0.277,12.32,3.42,normal
69.632,436.0,-264.0,21864.0,-562.0,345.0,-31.0,0.384,12.36,4.4,normal
69.74,3504.0,-360.0,20120.0,-322.0,1090.0,-284.0,0.429,12.36,5.31,normal
69.848,572.0,-2220.0,23788.0,-282.0,-209.0,-255.0,0.419,12.35,5.17,normal
69.956,2384.0,-1652.0,20012.0,-538.0,155.0,-11.0,0.364,12.31,4.48,normal
70.064,-668.0,-480.0,21588.0,-227.0,-73.0,-203.0,0.202,12.27,2.47,normal
70.172,2076.0,1460.0,20412.0,-592.0,736.0,-51.0,0.145,12.24,1.77,normal
70.281,-40.0,196.0,20860.0,-307.0,106.0,-85.0,0.121,12.24,1.48,normal
70.389,-320.0,-1072.0,20900.0,-368.0,-314.0,-44.0,0.169,12.27,2.08,normal
70.498,-1784.0,-1056.0,22524.0,-468.0,-363.0,-107.0,0.252,12.31,3.11,normal
70.605,948.0,-44.0,22576.0,-234.0,480.0,-105.0,0.382,12.36,4.72,normal
70.714,1276.0,-836.0,20408.0,-278.0,321.0,41.0,0.439,12.36,5.19,normal
70.822,1808.0,-768.0,18256.0,-471.0,546.0,-129.0,0.386,12.34,4.75,normal
70.93,2244.0,-2284.0,22788.0,-385.0,244.0,-149.0,0.313,12.32,3.85,normal
71.037,1380.0,-228.0,20412.0,-327.0,-289.0,-59.0,0.22,12.28,2.7,normal
71.145,480.0,-752.0,22032.0,-534.0,511.0,-161.0,0.132,12.23,1.61,normal
71.254,560.0,-2352.0,21068.0,-236.0,338.0,26.0,0.117,12.26,1.43,normal
71.362,4872.0,780.0,19296.0,-142.0,1176.0,-86.0,0.165,12.27,2.03,normal
71.47,2736.0,-232.0,20708.0,-393.0,416.0,-38.0,0.307,12.34,3.79,normal
71.578,-568.0,-828.0,22580.0,-662.0,-195.0,-93.0,0.388,12.36,4.79,normal
71.686,1724.0,-1172.0,21488.0,-266.0,724.0,-123.0,0.425,12.36,5.26,normal
71.795,-1416.0,-916.0,19484.0,-485.0,-196.0,-200.0,0.425,12.34,5.27,normal
71.902,-1072.0,-1684.0,23180.0,-135.0,47.0,-66.0,0.304,12.32,3.74,normal
72.009,4492.0,644.0,18592.0,-388.0,1256.0,67.0,0.229,12.28,2.8,normal
72.118,4700.0,768.0,20176.0,-386.0,1003.0,37.0,0.159,12.24,1.95,normal
72.226,704.0,-1428.0,20340.0,-319.0,533.0,-79.0,0.122,12.24,1.49,normal
72.335,1736.0,1068.0,22052.0,-491.0,556.0,-135.0,0.152,12.25,1.87,normal
72.443,4336.0,-824.0,17968.0,-307.0,1162.0,2.0,0.218,12.3,2.69,normal
72.551,-12.0,-1656.0,20912.0,-229.0,-463.0,96.0,0.363,12.35,4.48,normal
72.659,-4868.0,1268.0,24036.0,-318.0,-1032.0,-38.0,0.417,12.37,5.15,normal
72.767,4060.0,464.0,18496.0,-375.0,580.0,10.0,0.417,12.36,5.15,normal
72.875,-1812.0,-620.0,23732.0,-324.0,-253.0,-148.0,0.357,12.33,5.1,normal
72.983,1164.0,-1248.0,21408.0,-146.0,469.0,-73.0,0.267,12.3,3.28,normal
73.091,280.0,-796.0,22292.0,-637.0,512.0,-26.0,0.197,12.26,2.42,normal
73.199,2096.0,-288.0,20352.0,-435.0,514.0,-51.0,0.146,12.24,1.79,normal
73.307,-276.0,-3992.0,21088.0,-236.0,87.0,-266.0,0.128,12.24,1.57,normal
73.415,2492.0,-736.0,19676.0,-177.0,272.0,-39.0,0.156,12.26,1.92,normal
73.523,4572.0,232.0,23548.0,-457.0,1219.0,-76.0,0.222,12.3,2.73,normal
73.631,2980.0,-1960.0,20832.0,-124.0,393.0,59.0,0.36,12.35,4.44,normal
73.739,-500.0,-240.0,23772.0,-603.0,376.0,-45.0,0.416,12.36,5.14,normal
73.847,564.0,-892.0,21352.0,-553.0,52.0,-68.0,0.427,12.36,5.28,normal
73.955,4128.0,-1472.0,20656.0,-233.0,634.0,2.0,0.351,12.32,4.94,normal
74.063,-56.0,-840.0,22900.0,-147.0,-27.0,-8.0,0.246,12.29,3.02,normal
74.171,2240.0,124.0,20476.0,-461.0,74.0,82.0,0.167,12.25,2.04,normal
74.28,1872.0,-812.0,20388.0,-401.0,635.0,-187.0,0.128,12.24,1.57,normal
74.388,2712.0,-816.0,20500.0,-528.0,-123.0,165.0,0.146,12.25,1.79,normal
74.496,4472.0,-1004.0,19060.0,-422.0,957.0,-13.0,0.198,12.29,2.44,normal
74.604,-316.0,-872.0,23472.0,-469.0,-409.0,-149.0,0.305,12.34,3.77,normal
74.712,2024.0,480.0,19064.0,-229.0,427.0,-185.0,0.409,12.37,5.06,normal
74.82,1436.0,-304.0,20040.0,-351.0,265.0,-86.0,0.438,12.36,5.4,normal
74.928,3996.0,-72.0,19352.0,-440.0,606.0,-35.0,0.4,12.34,4.93,normal
75.036,684.0,-832.0,21616.0,-171.0,331.0,-155.0,0.23,12.29,3.41,normal
75.146,1696.0,-1316.0,19952.0,-532.0,602.0,-29.0,0.164,12.25,2.01,normal
75.252,3184.0,-1108.0,21268.0,-496.0,453.0,-239.0,0.126,12.24,1.55,normal
75.361,-4532.0,-2432.0,26160.0,-174.0,-935.0,-182.0,0.131,12.26,1.61,normal
75.47,-1044.0,-108.0,22464.0,-355.0,-239.0,-109.0,0.282,12.33,3.48,normal
75.578,2724.0,-1724.0,20660.0,-326.0,714.0,-157.0,0.372,12.35,4.6,normal
75.686,596.0,-1864.0,22356.0,-211.0,406.0,-110.0,0.437,12.37,5.4,normal
75.794,-916.0,-652.0,22300.0,-189.0,-471.0,-102.0,0.408,12.35,5.03,normal
75.902,-1216.0,-1304.0,23052.0,-402.0,286.0,0.0,0.317,12.32,3.9,normal
76.01,1504.0,340.0,20800.0,-125.0,730.0,-39.0,0.216,12.27,2.64,normal
76.118,2144.0,-776.0,22180.0,-272.0,116.0,-79.0,0.131,12.23,1.83,normal
76.226,3740.0,196.0,22684.0,-302.0,572.0,-202.0,0.126,12.24,1.54,normal
76.334,-3160.0,-1064.0,23136.0,-337.0,-612.0,33.0,0.154,12.26,1.89,normal
76.442,940.0,-1536.0,20820.0,-80.0,96.0,-74.0,0.229,12.29,2.82,normal
76.55,1544.0,-112.0,21020.0,-340.0,114.0,-49.0,0.369,12.35,4.56,normal
76.658,-1676.0,404.0,21836.0,-576.0,-367.0,-73.0,0.415,12.37,5.12,normal
76.766,1092.0,-1884.0,20500.0,-214.0,221.0,-160.0,0.438,12.36,5.4,normal
76.874,-760.0,500.0,23036.0,-165.0,-3.0,-266.0,0.369,12.33,4.54,normal
76.982,-6448.0,184.0,21092.0,-375.0,-1472.0,44.0,0.272,12.29,3.34,normal
77.09,-2396.0,-988.0,24480.0,-422.0,279.0,-190.0,0.188,12.26,2.3,normal
77.198,3580.0,-2124.0,21572.0,-350.0,804.0,-284.0,0.124,12.23,1.66,normal
77.306,3664.0,824.0,19560.0,-534.0,229.0,-6.0,0.129,12.26,1.58,normal
77.414,-920.0,-324.0,21992.0,-382.0,-176.0,17.0,0.182,12.3,2.24,normal
77.522,1720.0,368.0,22540.0,-623.0,654.0,-142.0,0.302,12.34,3.73,normal
77.631,-308.0,-864.0,20720.0,-218.0,-76.0,-184.0,0.409,12.36,5.06,normal
77.739,3696.0,-1276.0,22556.0,-345.0,1182.0,-290.0,0.428,12.36,5.29,normal
77.846,1876.0,1696.0,17596.0,-155.0,-221.0,279.0,0.409,12.34,5.04,normal
77.954,588.0,-136.0,20460.0,-341.0,0.0,-44.0,0.253,12.29,3.1,normal
78.063,180.0,-852.0,21712.0,-287.0,120.0,-4.0,0.177,12.25,2.17,normal
78.171,608.0,-932.0,22248.0,-232.0,156.0,-162.0,0.13,12.24,1.59,normal
78.279,1840.0,-1180.0,21604.0,-240.0,430.0,-87.0,0.142,12.25,1.52,normal
78.387,868.0,1040.0,20652.0,-522.0,210.0,105.0,0.189,12.29,2.32,normal
78.495,304.0,-2048.0,19532.0,-229.0,211.0,-155.0,0.288,12.33,3.55,normal
78.603,2204.0,708.0,20300.0,-550.0,432.0,-36.0,0.374,12.35,4.62,normal
78.711,2692.0,-644.0,20772.0,-173.0,302.0,-19.0,0.401,12.36,4.96,normal
78.819,1364.0,464.0,20656.0,-152.0,96.0,-4.0,0.405,12.35,4.99,normal
78.927,3016.0,276.0,21260.0,-512.0,676.0,-84.0,0.322,12.31,3.96,normal
79.035,1320.0,-160.0,20200.0,-192.0,150.0,-51.0,0.185,12.26,2.26,normal
79.143,572.0,-900.0,21296.0,-373.0,276.0,-3.0,0.132,12.24,1.62,normal
79.251,1412.0,936.0,20960.0,-240.0,415.0,82.0,0.118,12.25,1.45,normal
79.36,1888.0,-1144.0,21428.0,-447.0,267.0,160.0,0.189,12.29,1.94,normal
79.467,3000.0,-20.0,19916.0,-462.0,387.0,130.0,0.297,12.33,3.66,normal
79.576,1116.0,-700.0,21668.0,-585.0,669.0,-113.0,0.391,12.36,4.83,normal
79.684,580.0,-2536.0,21944.0,-155.0,132.0,-203.0,0.419,12.36,5.19,normal
79.792,-948.0,-592.0,22672.0,-381.0,210.0,-153.0,0.417,12.35,5.13,normal
79.9,164.0,-896.0,21076.0,-334.0,185.0,-219.0,0.355,12.32,4.37,normal
80.008,644.0,1624.0,23268.0,-782.0,415.0,-61.0,0.247,12.28,3.02,normal
80.116,1132.0,-1124.0,21128.0,-238.0,329.0,-44.0,0.141,12.24,1.73,normal
80.224,-956.0,1200.0,20888.0,-368.0,-420.0,183.0,0.124,12.24,1.52,normal
80.332,1388.0,-924.0,21436.0,-314.0,485.0,-260.0,0.126,12.26,1.55,normal
80.44,820.0,-1392.0,20564.0,-473.0,512.0,-28.0,0.251,12.3,2.31,normal
80.548,-396.0,384.0,20416.0,-337.0,-25.0,-114.0,0.349,12.35,4.31,normal
80.656,4040.0,-876.0,20348.0,-156.0,967.0,-50.0,0.406,12.37,5.02,normal
80.764,-1664.0,-16.0,22280.0,-249.0,-72.0,-147.0,0.43,12.36,5.31,normal
80.872,1232.0,1652.0,18660.0,-522.0,607.0,39.0,0.348,12.33,4.29,normal
80.98,5556.0,56.0,15464.0,-552.0,-387.0,19.0,0.245,12.29,3.0,normal
81.089,-992.0,456.0,17316.0,-262.0,-726.0,-120.0,0.183,12.24,2.24,normal
81.197,-1208.0,-232.0,21620.0,-524.0,-97.0,-112.0,0.121,12.24,1.48,normal
81.304,364.0,200.0,22228.0,-568.0,-105.0,-95.0,0.14,12.25,1.71,normal
81.413,2268.0,-1096.0,20864.0,-355.0,438.0,-50.0,0.192,12.28,2.37,normal
81.521,2756.0,-256.0,20388.0,-381.0,591.0,-31.0,0.327,12.34,3.56,normal
81.629,1020.0,132.0,20464.0,-94.0,-142.0,-118.0,0.401,12.36,4.95,normal
81.737,28.0,312.0,25300.0,-350.0,550.0,-238.0,0.434,12.36,5.36,normal
81.845,-3548.0,-2124.0,23584.0,-314.0,-424.0,-154.0,0.427,12.33,5.26,normal
81.954,1656.0,-668.0,19780.0,-316.0,449.0,37.0,0.216,12.27,2.64,normal
82.062,-568.0,-2648.0,21364.0,-123.0,243.0,-84.0,0.153,12.24,1.87,normal
82.17,3148.0,-128.0,19976.0,-348.0,1126.0,-75.0,0.124,12.24,1.51,normal
82.278,-744.0,312.0,25400.0,-546.0,-207.0,-83.0,0.169,12.27,2.08,normal
82.386,-588.0,-916.0,22916.0,-431.0,473.0,-87.0,0.282,12.32,3.48,normal
82.495,-4912.0,-1596.0,25116.0,-194.0,-1324.0,71.0,0.374,12.35,4.62,normal
82.602,-428.0,-1552.0,23600.0,-242.0,155.0,-236.0,0.433,12.36,5.43,normal
82.71,3276.0,188.0,22356.0,-440.0,884.0,-262.0,0.403,12.34,4.96,normal
82.819,-2848.0,-1256.0,23492.0,-293.0,-368.0,-148.0,0.296,12.3,3.64,normal
82.927,-344.0,-388.0,21212.0,-307.0,-34.0,27.0,0.166,12.25,2.03,normal
83.036,-276.0,-368.0,21512.0,-72.0,-280.0,-171.0,0.123,12.24,1.5,normal
83.144,588.0,-392.0,22640.0,-528.0,653.0,-243.0,0.152,12.25,1.86,normal
83.252,448.0,-1268.0,20684.0,-222.0,115.0,-68.0,0.195,12.3,2.4,normal
83.36,-3956.0,424.0,23956.0,-609.0,-809.0,-83.0,0.348,12.35,4.3,normal
83.468,992.0,-2148.0,20300.0,-368.0,561.0,-137.0,0.408,12.37,5.05,normal
83.576,-144.0,548.0,22764.0,-335.0,-87.0,-128.0,0.442,12.36,5.46,normal
83.684,-700.0,-112.0,22248.0,-117.0,-120.0,-97.0,0.411,12.33,5.07,normal
83.792,-4160.0,240.0,25592.0,-560.0,-721.0,-209.0,0.274,12.3,3.37,normal
83.9,1696.0,-316.0,20824.0,-484.0,561.0,-28.0,0.192,12.26,2.36,normal
84.008,-2020.0,-352.0,25724.0,-388.0,27.0,-248.0,0.135,12.25,1.65,normal
84.116,2704.0,-1008.0,19944.0,-339.0,839.0,-83.0,0.135,12.24,1.65,normal
84.224,1464.0,-1236.0,19856.0,-268.0,677.0,-177.0,0.177,12.27,2.17,normal
84.332,2500.0,172.0,21876.0,-601.0,623.0,92.0,0.265,12.32,3.27,normal
84.44,1320.0,-412.0,20844.0,-413.0,275.0,-143.0,0.383,12.36,4.74,normal
84.548,-132.0,400.0,21692.0,-734.0,67.0,-84.0,0.437,12.37,5.4,normal
84.657,2704.0,-1068.0,20436.0,-356.0,473.0,-170.0,0.438,12.36,5.41,normal
84.764,552.0,380.0,21548.0,-217.0,691.0,-105.0,0.396,12.32,4.88,normal
84.873,3004.0,-2708.0,20432.0,-195.0,738.0,-103.0,0.235,12.28,2.89,normal
84.981,-244.0,-200.0,20640.0,-287.0,58.0,-112.0,0.166,12.25,2.03,normal
85.089,-908.0,-632.0,20844.0,-350.0,-103.0,-102.0,0.131,12.23,1.6,normal
85.196,880.0,-628.0,20596.0,-380.0,198.0,-95.0,0.143,12.25,1.76,normal
85.305,2476.0,-276.0,21324.0,-302.0,991.0,-6.0,0.195,12.29,2.4,normal
85.415,40.0,-1376.0,22032.0,-305.0,434.0,-80.0,0.294,12.33,3.63,normal
85.521,2276.0,-412.0,21136.0,-205.0,598.0,23.0,0.407,12.36,5.03,normal
85.629,192.0,-1884.0,20592.0,-485.0,-81.0,41.0,0.432,12.36,5.34,normal
85.737,-1524.0,-956.0,21148.0,-457.0,121.0,-11.0,0.417,12.35,5.13,normal
85.846,1076.0,-128.0,20800.0,-590.0,454.0,-15.0,0.278,12.3,3.99,normal
85.953,1928.0,-744.0,20692.0,-241.0,66.0,-3.0,0.192,12.27,2.35,normal
86.061,1456.0,-236.0,20932.0,-370.0,383.0,-176.0,0.141,12.25,1.72,normal
86.169,3396.0,340.0,19668.0,-272.0,539.0,-22.0,0.123,12.24,1.51,normal
86.278,-1584.0,1464.0,23216.0,-644.0,-39.0,-260.0,0.151,12.27,1.85,normal
86.386,2772.0,-1188.0,20704.0,-409.0,590.0,-90.0,0.218,12.3,2.68,normal
86.494,4184.0,320.0,19836.0,-346.0,722.0,-104.0,0.316,12.34,3.91,normal
86.602,-564.0,-2072.0,24160.0,-289.0,339.0,-162.0,0.393,12.37,4.86,normal
86.709,112.0,312.0,22064.0,-396.0,179.0,-42.0,0.434,12.36,5.35,normal
86.819,1288.0,-1808.0,21676.0,-617.0,849.0,-57.0,0.397,12.34,4.9,normal
86.926,996.0,-112.0,20420.0,-440.0,-373.0,-21.0,0.236,12.28,3.48,normal
87.034,-1788.0,1468.0,21072.0,-808.0,-862.0,197.0,0.17,12.24,2.08,normal
87.142,-912.0,-1172.0,21288.0,-288.0,185.0,-293.0,0.127,12.23,1.56,normal
87.25,1772.0,-140.0,22428.0,-235.0,660.0,-114.0,0.146,12.27,1.79,normal
87.358,1292.0,-1372.0,23004.0,-343.0,109.0,-112.0,0.221,12.3,2.73,normal
87.466,2256.0,-232.0,19952.0,-140.0,264.0,-32.0,0.344,12.34,4.25,normal
87.574,-3380.0,1296.0,24104.0,-613.0,-237.0,-115.0,0.396,12.36,4.89,normal
87.682,2404.0,-464.0,19024.0,-350.0,546.0,-95.0,0.437,12.35,5.39,normal
87.79,-76.0,296.0,21568.0,-440.0,488.0,-153.0,0.388,12.33,4.78,normal
87.898,1372.0,-2244.0,21332.0,-258.0,803.0,-229.0,0.285,12.3,3.5,normal
88.007,2632.0,-1212.0,18860.0,-244.0,516.0,-176.0,0.173,12.26,2.6,normal
88.114,268.0,-740.0,22624.0,-671.0,664.0,-78.0,0.132,12.24,1.62,normal
88.222,1124.0,-484.0,20836.0,-417.0,-88.0,45.0,0.127,12.24,1.56,normal
88.331,1248.0,368.0,21232.0,-569.0,880.0,-67.0,0.167,12.29,2.05,normal
88.439,-712.0,-1364.0,23292.0,-271.0,-331.0,74.0,0.298,12.34,3.68,normal
88.547,-1444.0,-1100.0,21996.0,-140.0,315.0,-285.0,0.384,12.36,4.75,normal
88.655,112.0,-772.0,22352.0,-344.0,-122.0,63.0,0.427,12.36,5.29,normal
88.763,-288.0,-604.0,21408.0,-225.0,-168.0,-216.0,0.412,12.35,5.09,normal
88.871,3520.0,224.0,19776.0,-345.0,729.0,-172.0,0.326,12.32,4.01,normal
88.979,1156.0,116.0,21708.0,-547.0,330.0,-126.0,0.226,12.28,2.77,normal
89.087,2952.0,588.0,18536.0,-283.0,600.0,-67.0,0.136,12.23,1.67,normal
89.196,2000.0,-748.0,20096.0,-459.0,207.0,-116.0,0.125,12.24,1.53,normal
89.303,-1696.0,-1264.0,23072.0,-317.0,23.0,-227.0,0.155,12.27,1.9,normal
89.411,-2640.0,440.0,24228.0,-522.0,-221.0,-76.0,0.246,12.33,3.03,normal
89.52,-3536.0,-1492.0,22200.0,-187.0,-418.0,-138.0,0.381,12.36,4.72,normal
89.628,-156.0,-940.0,22176.0,-301.0,235.0,-192.0,0.43,12.36,5.31,normal
89.737,-3296.0,-1020.0,24596.0,-557.0,-487.0,-174.0,0.406,12.34,5.01,normal
89.845,104.0,-1268.0,19408.0,-330.0,-83.0,56.0,0.208,12.27,2.55,normal
89.953,24.0,-924.0,22628.0,-458.0,299.0,-166.0,0.152,12.24,1.86,normal
90.062,-4472.0,-340.0,25808.0,-396.0,-332.0,-80.0,0.128,12.22,1.57,normal
90.169,5388.0,-460.0,15848.0,-246.0,856.0,28.0,0.138,12.27,1.69,normal
90.278,2008.0,-2440.0,22072.0,-288.0,816.0,-97.0,0.229,12.3,2.82,normal
90.386,880.0,-2032.0,22892.0,-163.0,142.0,-71.0,0.313,12.34,3.86,normal
90.493,628.0,-80.0,20916.0,-172.0,-9.0,-43.0,0.387,12.36,4.78,normal
90.602,1156.0,-288.0,20708.0,-501.0,388.0,-33.0,0.446,12.36,5.5,normal
90.71,-836.0,-2848.0,23456.0,-184.0,35.0,-166.0,0.39,12.34,4.8,normal
90.818,3652.0,-124.0,20224.0,-392.0,842.0,-23.0,0.282,12.31,3.47,normal
90.926,-2300.0,-1228.0,25012.0,-392.0,-640.0,-28.0,0.166,12.26,2.03,normal
91.034,-3296.0,-528.0,24252.0,-338.0,-167.0,-123.0,0.125,12.25,1.53,normal
91.142,108.0,160.0,20960.0,-579.0,-14.0,-22.0,0.133,12.24,1.63,normal
91.25,-1476.0,-616.0,22600.0,-413.0,312.0,-143.0,0.159,12.28,1.95,normal
91.358,1300.0,836.0,20800.0,-518.0,203.0,41.0,0.252,12.32,3.11,normal
91.467,572.0,-1308.0,22272.0,-588.0,484.0,69.0,0.35,12.35,4.33,normal
91.574,4072.0,-1436.0,17664.0,-417.0,769.0,203.0,0.404,12.37,5.0,normal
91.683,-4724.0,-3264.0,27760.0,-407.0,365.0,163.0,0.425,12.35,5.24,normal
91.79,400.0,-1832.0,21612.0,-251.0,-16.0,-70.0,0.353,12.33,4.34,normal
91.899,-484.0,-468.0,22344.0,-197.0,191.0,-159.0,0.237,12.28,2.91,normal
92.007,-616.0,-1252.0,22428.0,-241.0,-191.0,-204.0,0.14,12.24,1.72,normal
92.115,168.0,560.0,24028.0,-263.0,235.0,-188.0,0.119,12.25,1.45,normal
92.223,1660.0,-1296.0,21292.0,-287.0,634.0,-197.0,0.146,12.28,1.79,normal
92.331,-1236.0,4.0,17712.0,-330.0,-106.0,-87.0,0.3,12.33,3.04,normal
92.439,1196.0,-1380.0,21652.0,-133.0,414.0,-52.0,0.38,12.36,4.69,normal
92.547,-964.0,388.0,23216.0,-453.0,-283.0,-92.0,0.431,12.38,5.33,normal
92.655,2192.0,-1568.0,20336.0,-261.0,554.0,3.0,0.42,12.34,5.19,normal
92.763,2368.0,-92.0,19988.0,-344.0,763.0,54.0,0.287,12.31,3.53,normal
92.871,3144.0,176.0,19304.0,-728.0,675.0,256.0,0.207,12.27,2.54,normal
92.98,-196.0,-660.0,22996.0,-231.0,-234.0,-134.0,0.154,12.24,1.88,normal
93.087,3868.0,652.0,21108.0,-430.0,445.0,-56.0,0.123,12.25,1.51,normal
93.196,1884.0,-56.0,22488.0,-637.0,395.0,-29.0,0.158,12.26,1.94,normal
93.303,1516.0,-876.0,21568.0,-377.0,307.0,-161.0,0.256,12.31,3.16,normal
93.412,92.0,1320.0,21264.0,-706.0,314.0,-96.0,0.392,12.36,4.84,normal
93.52,-1308.0,-1668.0,24128.0,-201.0,-148.0,-116.0,0.422,12.36,5.21,normal
93.629,-1316.0,-1056.0,20048.0,-31.0,-310.0,-39.0,0.388,12.33,4.78,normal
93.737,-904.0,-352.0,22572.0,-373.0,-275.0,16.0,0.273,12.3,3.36,normal
93.845,852.0,-264.0,21564.0,-239.0,288.0,-154.0,0.155,12.24,1.9,normal
93.953,1944.0,84.0,20716.0,-273.0,505.0,-79.0,0.124,12.24,1.51,normal
94.061,2020.0,548.0,20040.0,-452.0,585.0,30.0,0.132,12.24,1.62,normal
94.169,60.0,-504.0,22200.0,-161.0,-32.0,-187.0,0.212,12.29,2.61,normal
94.278,140.0,-916.0,22140.0,-437.0,177.0,68.0,0.303,12.34,3.74,normal
94.385,6584.0,1032.0,17696.0,-350.0,653.0,-39.0,0.381,12.36,4.71,normal
94.493,-2360.0,-3012.0,25352.0,-423.0,212.0,-569.0,0.436,12.36,5.39,normal
94.601,3172.0,-96.0,19892.0,-278.0,619.0,54.0,0.408,12.34,5.03,normal
94.709,952.0,-1828.0,21552.0,-202.0,732.0,-19.0,0.313,12.32,3.84,normal
94.817,1748.0,-724.0,20692.0,-203.0,100.0,-50.0,0.229,12.24,2.8,normal
94.925,3056.0,-1104.0,20796.0,-472.0,477.0,-167.0,0.144,12.23,1.76,normal
95.033,1876.0,296.0,19576.0,-375.0,-193.0,-121.0,0.12,12.24,1.47,normal
95.141,5304.0,-1252.0,20380.0,-338.0,727.0,121.0,0.13,12.26,1.6,normal
95.249,4376.0,244.0,21468.0,-650.0,1390.0,39.0,0.202,12.3,2.49,normal
95.357,912.0,268.0,20248.0,-610.0,294.0,-23.0,0.298,12.34,3.68,normal
95.466,1928.0,-1072.0,19444.0,-440.0,259.0,-59.0,0.365,12.36,4.51,normal
95.573,2320.0,164.0,20140.0,-583.0,598.0,1.0,0.433,12.37,5.36,normal
95.682,-408.0,416.0,21992.0,-787.0,-169.0,113.0,0.423,12.35,5.21,normal
95.79,60.0,-1808.0,21204.0,-341.0,353.0,-196.0,0.341,12.33,4.19,normal
95.898,2296.0,1308.0,19944.0,-555.0,204.0,72.0,0.203,12.26,3.01,normal
96.006,2684.0,-128.0,19276.0,-676.0,848.0,-89.0,0.14,12.25,1.72,normal
96.114,500.0,436.0,19564.0,-532.0,117.0,53.0,0.118,12.24,1.45,normal
96.222,-472.0,-1480.0,21112.0,-401.0,19.0,-67.0,0.141,12.26,1.73,normal
96.33,1372.0,1372.0,20120.0,-615.0,459.0,-41.0,0.252,12.31,3.11,normal
96.438,1892.0,-660.0,19396.0,-481.0,277.0,136.0,0.327,12.34,4.04,normal
96.547,-4680.0,-136.0,22592.0,-632.0,-729.0,-62.0,0.39,12.36,4.82,normal
96.654,140.0,-576.0,21208.0,-506.0,-37.0,-85.0,0.43,12.36,5.31,normal
96.762,1452.0,-544.0,20796.0,-460.0,511.0,-111.0,0.412,12.35,5.08,normal
96.871,-2008.0,-632.0,22516.0,-521.0,-330.0,-49.0,0.334,12.32,4.1,normal
96.979,1916.0,-424.0,21388.0,-510.0,333.0,130.0,0.207,12.26,2.53,normal
97.086,1124.0,-628.0,22416.0,-307.0,291.0,-42.0,0.155,12.25,1.9,normal
97.195,-176.0,-1224.0,22020.0,-483.0,380.0,-85.0,0.124,12.25,1.52,normal
97.303,-372.0,-496.0,22616.0,-634.0,181.0,-88.0,0.122,12.25,1.5,normal
97.411,-2044.0,-1580.0,22984.0,-476.0,92.0,-135.0,0.186,12.28,2.29,normal
97.519,-2352.0,-1480.0,22456.0,-201.0,-195.0,-239.0,0.29,12.32,3.58,normal
97.628,-104.0,-1272.0,20408.0,-310.0,-110.0,7.0,0.405,12.37,5.01,normal
97.736,-1956.0,-2284.0,23016.0,-128.0,-751.0,-79.0,0.428,12.36,5.28,normal
97.844,4788.0,-1304.0,19376.0,-284.0,1016.0,-123.0,0.392,12.33,4.83,normal
97.952,648.0,-2184.0,23568.0,-232.0,439.0,-113.0,0.284,12.3,3.49,normal
98.06,1392.0,-20.0,21188.0,-339.0,264.0,56.0,0.167,12.25,2.04,normal
98.168,1564.0,-1696.0,23060.0,-97.0,437.0,-162.0,0.126,12.25,1.54,normal
98.276,-1936.0,-756.0,23460.0,-319.0,-189.0,10.0,0.122,12.25,1.5,normal
98.384,320.0,-240.0,22348.0,-219.0,275.0,-111.0,0.144,12.27,1.77,normal
98.492,912.0,-808.0,16232.0,-90.0,268.0,-40.0,0.245,12.3,3.02,normal
98.6,-1084.0,256.0,22284.0,-41.0,324.0,-303.0,0.311,12.34,3.83,normal
98.708,-1116.0,0.0,22876.0,-285.0,-231.0,-124.0,0.382,12.36,4.72,normal
98.817,492.0,-1012.0,20844.0,-386.0,-139.0,19.0,0.429,12.37,5.31,normal
98.924,996.0,100.0,21164.0,-271.0,24.0,-21.0,0.421,12.35,5.19,normal
99.033,1516.0,792.0,22228.0,-60.0,1041.0,-118.0,0.359,12.32,4.41,normal
99.141,-6372.0,628.0,26072.0,-614.0,-1430.0,-134.0,0.225,12.27,2.75,normal
99.248,2380.0,132.0,19684.0,-419.0,320.0,48.0,0.161,12.24,1.98,normal
99.357,-492.0,780.0,21552.0,-357.0,-396.0,-42.0,0.118,12.25,1.45,normal
99.465,1672.0,-360.0,21912.0,-501.0,706.0,-88.0,0.149,12.26,1.61,normal
99.573,-1864.0,-276.0,22660.0,-332.0,-338.0,12.0,0.185,12.29,2.27,normal
99.681,276.0,-80.0,20736.0,-293.0,-220.0,-55.0,0.28,12.32,3.45,normal
99.789,-380.0,-212.0,20304.0,-459.0,202.0,51.0,0.36,12.36,4.45,normal
99.897,-2264.0,-1040.0,21048.0,-490.0,-24.0,-11.0,0.43,12.36,5.31,normal
100.005,-1876.0,-1212.0,23184.0,-332.0,-291.0,-65.0,0.429,12.35,5.29,normal
100.113,1872.0,-204.0,19936.0,-392.0,429.0,-138.0,0.375,12.33,4.62,normal
100.221,-420.0,-132.0,21272.0,-470.0,154.0,1.0,0.236,12.28,2.89,normal
100.33,-2488.0,-2056.0,23680.0,-569.0,-126.0,-113.0,0.171,12.26,2.1,normal
100.438,932.0,-1704.0,21904.0,-201.0,534.0,-174.0,0.12,12.24,1.47,normal
100.547,2800.0,300.0,20788.0,-338.0,503.0,1.0,0.151,12.26,1.61,normal
100.654,2104.0,-760.0,22568.0,-384.0,435.0,-51.0,0.211,12.3,2.6,normal
100.763,-780.0,-2348.0,21668.0,-81.0,322.0,-44.0,0.312,12.34,3.85,normal
100.871,1884.0,304.0,20172.0,-343.0,433.0,-256.0,0.387,12.36,4.79,normal
100.978,3780.0,72.0,19952.0,-332.0,589.0,-77.0,0.438,12.36,5.41,normal
101.087,6504.0,-516.0,18432.0,-143.0,348.0,115.0,0.424,12.35,5.22,normal
101.195,-8664.0,-2956.0,28652.0,-433.0,-1227.0,-485.0,0.348,12.32,4.29,normal
101.305,936.0,304.0,21192.0,-453.0,135.0,-145.0,0.173,12.25,2.12,normal
101.412,736.0,-2304.0,22660.0,-450.0,280.0,-241.0,0.129,12.25,1.58,normal
101.52,-1932.0,764.0,22712.0,-437.0,-234.0,-249.0,0.122,12.25,1.49,normal
101.629,1648.0,184.0,20796.0,-458.0,314.0,-77.0,0.154,12.28,1.89,normal
101.735,3092.0,-1284.0,18712.0,-389.0,1034.0,-190.0,0.271,12.32,3.34,normal
101.844,-3856.0,168.0,21940.0,-397.0,-617.0,-200.0,0.346,12.35,4.28,normal
101.952,4188.0,-1436.0,17844.0,-145.0,668.0,-94.0,0.399,12.37,4.94,normal
102.061,1120.0,1204.0,21520.0,-536.0,71.0,1.0,0.436,12.36,5.38,normal
102.168,1152.0,1224.0,21936.0,-756.0,376.0,-4.0,0.414,12.34,5.11,normal
102.277,-320.0,-524.0,22052.0,-343.0,-184.0,-52.0,0.325,12.32,4.0,normal
102.385,-108.0,-1312.0,22124.0,-273.0,269.0,-360.0,0.195,12.26,2.39,normal
102.493,-7160.0,512.0,24672.0,-445.0,-1524.0,-27.0,0.142,12.24,1.73,normal
102.6,52.0,-524.0,21896.0,-450.0,153.0,-73.0,0.134,12.23,1.64,normal
102.709,416.0,-868.0,22588.0,-468.0,89.0,-175.0,0.178,12.28,1.82,normal
102.817,-2036.0,-1124.0,22952.0,-222.0,-135.0,-16.0,0.274,12.32,3.38,normal
102.925,864.0,-1724.0,21004.0,-140.0,384.0,-141.0,0.354,12.35,4.37,normal
103.033,-156.0,356.0,22404.0,-352.0,-154.0,-139.0,0.403,12.36,4.99,normal
103.141,-2264.0,-1096.0,25412.0,-328.0,-68.0,-303.0,0.421,12.36,5.2,normal
103.249,2396.0,668.0,19016.0,-450.0,273.0,88.0,0.35,12.33,4.3,normal
103.357,-788.0,-1012.0,22804.0,-326.0,457.0,-152.0,0.247,12.3,3.03,normal
103.465,384.0,-32.0,20384.0,-51.0,-223.0,-58.0,0.143,12.25,1.75,normal
103.573,-272.0,960.0,22188.0,-561.0,381.0,-146.0,0.124,12.24,1.52,normal
103.681,8008.0,452.0,15332.0,-444.0,2063.0,-188.0,0.135,12.25,1.65,normal
103.789,6976.0,-2804.0,21756.0,-389.0,2361.0,206.0,0.226,12.3,2.79,normal
103.898,-572.0,-1488.0,21280.0,-182.0,15.0,-48.0,0.312,12.34,3.85,normal
104.005,2124.0,-160.0,20616.0,-311.0,419.0,-68.0,0.394,12.36,4.87,normal
104.113,-752.0,496.0,23164.0,-472.0,-108.0,18.0,0.436,12.36,5.38,normal
104.222,-888.0,2820.0,21144.0,-840.0,-159.0,156.0,0.406,12.34,5.0,normal
104.331,6268.0,-1376.0,17600.0,-405.0,1672.0,-17.0,0.279,12.3,3.43,normal
104.437,4564.0,36.0,17700.0,-378.0,712.0,-23.0,0.193,12.25,2.36,normal
104.547,1328.0,-492.0,21004.0,-322.0,231.0,-105.0,0.128,12.23,1.57,normal
104.654,2080.0,-332.0,18532.0,-491.0,650.0,-149.0,0.135,12.25,1.65,normal
104.762,1712.0,660.0,20584.0,-476.0,344.0,28.0,0.171,12.27,2.1,normal
104.87,-1588.0,-972.0,22084.0,-325.0,-290.0,-131.0,0.328,12.34,4.05,normal
104.978,-4320.0,1416.0,27720.0,-657.0,-1193.0,-181.0,0.38,12.36,4.7,normal
105.087,776.0,-1812.0,21120.0,35.0,589.0,-123.0,0.427,12.36,5.28,normal
105.195,-956.0,-500.0,22404.0,-305.0,-117.0,-147.0,0.408,12.33,5.03,normal
105.304,-764.0,-1548.0,21828.0,-410.0,223.0,-144.0,0.259,12.3,3.18,normal
105.411,-484.0,-756.0,22536.0,-108.0,18.0,-6.0,0.176,12.26,2.16,normal
105.519,6160.0,-208.0,16640.0,-258.0,868.0,37.0,0.13,12.24,1.59,normal
105.627,13084.0,-456.0,16552.0,-317.0,3167.0,-98.0,0.144,12.26,1.76,normal
105.736,-1964.0,-1528.0,22880.0,-356.0,-484.0,-149.0,0.214,12.3,2.64,normal
105.844,1260.0,-424.0,19964.0,-493.0,338.0,46.0,0.362,12.35,4.48,normal
105.952,2456.0,-404.0,19512.0,-467.0,449.0,120.0,0.431,12.37,5.12,normal
106.06,5000.0,-3464.0,18664.0,-372.0,876.0,3.0,0.414,12.35,5.1,normal
106.169,-1696.0,-1272.0,20808.0,-271.0,-100.0,-131.0,0.337,12.32,4.15,normal
106.278,2808.0,-412.0,20284.0,-519.0,380.0,41.0,0.189,12.26,2.32,normal
106.387,1416.0,712.0,21224.0,-739.0,233.0,-107.0,0.122,12.23,1.5,normal
106.494,-936.0,-480.0,23544.0,-616.0,600.0,-58.0,0.138,12.25,1.69,normal
106.602,576.0,1388.0,20796.0,-592.0,317.0,-98.0,0.193,12.28,2.37,normal
106.71,-2704.0,96.0,21576.0,-231.0,-767.0,-314.0,0.346,12.35,4.27,normal
106.818,-5740.0,-728.0,30228.0,-382.0,-913.0,-422.0,0.415,12.36,5.12,normal
106.926,2672.0,-1656.0,20616.0,3.0,768.0,-178.0,0.42,12.37,5.18,normal
107.034,148.0,-844.0,21748.0,-252.0,271.0,-61.0,0.413,12.34,5.1,normal
107.142,1560.0,-664.0,19204.0,-226.0,508.0,-132.0,0.264,12.3,3.23,normal
107.25,-2680.0,-424.0,23488.0,-559.0,-238.0,-4.0,0.181,12.26,2.22,normal
107.358,2192.0,-1132.0,20640.0,-383.0,384.0,-8.0,0.134,12.23,1.64,normal
107.467,-5528.0,-2460.0,23784.0,-255.0,-945.0,-256.0,0.14,12.25,1.72,normal
107.575,172.0,-748.0,22608.0,-174.0,-17.0,-144.0,0.241,12.3,2.97,normal
107.683,2152.0,-620.0,21696.0,-135.0,195.0,-98.0,0.347,12.35,4.28,normal
107.791,604.0,-28.0,21208.0,-240.0,25.0,-177.0,0.428,12.36,5.09,normal
107.9,-152.0,-2304.0,22236.0,-167.0,-189.0,-308.0,0.435,12.35,5.36,normal
108.008,836.0,-1408.0,21832.0,-547.0,166.0,-238.0,0.375,12.34,4.62,normal
108.116,-876.0,332.0,21160.0,-598.0,-181.0,-109.0,0.269,12.28,3.31,normal
108.224,-320.0,-768.0,21128.0,-426.0,18.0,-114.0,0.16,12.23,1.96,normal
108.332,-28.0,-328.0,21840.0,-323.0,277.0,-4.0,0.12,12.25,1.47,normal
108.44,4780.0,656.0,19620.0,-357.0,1172.0,-158.0,0.135,12.25,1.66,normal
108.548,200.0,1552.0,21676.0,-502.0,183.0,-181.0,0.256,12.31,3.16,normal
108.657,-196.0,-1232.0,21080.0,-427.0,3.0,-78.0,0.351,12.35,4.34,normal
108.764,-316.0,-1240.0,22276.0,-490.0,128.0,-196.0,0.41,12.37,5.07,normal
108.872,-1820.0,-836.0,23024.0,-246.0,-520.0,-228.0,0.42,12.35,5.18,normal
108.981,-356.0,-4208.0,23036.0,-133.0,-144.0,-203.0,0.328,12.32,4.04,normal
109.089,-1856.0,-1212.0,24736.0,-213.0,-307.0,-224.0,0.211,12.28,2.58,normal
109.198,1836.0,124.0,20932.0,-347.0,257.0,-53.0,0.13,12.23,1.59,normal
109.306,3984.0,-148.0,18260.0,-293.0,775.0,65.0,0.149,12.25,1.83,normal
109.414,-304.0,-332.0,21984.0,-518.0,125.0,-65.0,0.222,12.3,2.73,normal
109.522,-2948.0,-624.0,22216.0,-327.0,-399.0,-148.0,0.356,12.34,4.4,normal
109.63,2648.0,-504.0,19700.0,-238.0,184.0,95.0,0.428,12.36,5.29,normal
109.738,-5484.0,-1836.0,23288.0,-300.0,-144.0,-357.0,0.424,12.36,5.23,normal
109.847,3060.0,-168.0,19192.0,-377.0,435.0,20.0,0.295,12.31,3.62,normal
109.955,1596.0,-2160.0,20884.0,-290.0,42.0,40.0,0.174,12.25,2.59,normal
110.063,2200.0,-1760.0,20724.0,-206.0,223.0,66.0,0.131,12.24,1.61,normal
110.171,1212.0,-176.0,20916.0,-404.0,547.0,-33.0,0.123,12.24,1.51,normal
110.28,9032.0,-1100.0,19112.0,-304.0,1673.0,-33.0,0.159,12.25,1.95,normal
110.388,-1964.0,-344.0,23288.0,-188.0,-288.0,-248.0,0.297,12.31,3.67,normal
110.496,-676.0,-1008.0,21424.0,-322.0,-63.0,-151.0,0.343,12.35,4.24,normal
110.603,-1212.0,-564.0,21972.0,-373.0,592.0,-119.0,0.409,12.36,5.06,normal
110.711,3344.0,-1476.0,19552.0,-362.0,14.0,-17.0,0.437,12.36,5.4,normal
110.82,1776.0,-28.0,20860.0,-506.0,1015.0,-216.0,0.391,12.34,4.82,normal
110.928,-1564.0,-1816.0,22356.0,-545.0,360.0,-15.0,0.279,12.3,3.42,normal
111.036,1128.0,1036.0,21376.0,-486.0,348.0,-48.0,0.155,12.24,2.29,normal
111.143,1856.0,-1348.0,21764.0,-216.0,299.0,27.0,0.127,12.23,1.55,normal
111.251,-2136.0,-988.0,22816.0,-316.0,58.0,-126.0,0.138,12.26,1.69,normal
111.36,-4416.0,-2904.0,25924.0,28.0,-806.0,-8.0,0.202,12.32,2.49,normal
111.468,-6752.0,-2056.0,26320.0,-315.0,-1178.0,-353.0,0.361,12.35,4.46,normal
111.576,516.0,-784.0,21828.0,-231.0,82.0,-72.0,0.432,12.36,5.34,normal
111.685,820.0,32.0,19700.0,-170.0,-166.0,-171.0,0.419,12.35,5.16,normal
111.794,40.0,-664.0,20788.0,-199.0,162.0,-184.0,0.269,12.29,3.31,normal
111.901,2340.0,-960.0,19984.0,-193.0,559.0,-137.0,0.194,12.26,2.37,normal
112.009,10016.0,-1036.0,17408.0,-385.0,1726.0,127.0,0.139,12.25,1.7,normal
112.117,2700.0,408.0,20496.0,-389.0,664.0,-100.0,0.127,12.25,1.47,normal
112.226,808.0,-136.0,21444.0,-304.0,555.0,-116.0,0.168,12.28,2.07,normal
112.333,1744.0,-372.0,20532.0,-238.0,60.0,-76.0,0.269,12.32,3.32,normal
112.442,876.0,-368.0,18780.0,-301.0,571.0,-96.0,0.352,12.36,4.35,normal
112.55,7800.0,-1828.0,21884.0,-300.0,2163.0,-280.0,0.429,12.36,5.3,normal
112.657,1428.0,-332.0,21036.0,-237.0,607.0,-175.0,0.428,12.36,5.29,normal
112.765,1520.0,-960.0,20300.0,-284.0,366.0,-13.0,0.405,12.34,4.99,normal
112.873,-432.0,116.0,20816.0,-419.0,28.0,-99.0,0.246,12.29,3.02,normal
112.982,6840.0,-192.0,18204.0,-254.0,1082.0,-199.0,0.18,12.25,2.21,normal
113.09,-5424.0,-1892.0,28340.0,-332.0,1042.0,-172.0,0.129,12.24,1.58,normal
113.199,556.0,-1588.0,23024.0,-356.0,414.0,-131.0,0.172,12.27,1.79,normal
113.308,-1444.0,-660.0,23092.0,-191.0,286.0,-206.0,0.265,12.32,3.27,normal
113.414,268.0,240.0,21812.0,-170.0,-67.0,60.0,0.35,12.35,4.33,normal
113.524,-3592.0,-2428.0,27996.0,-260.0,144.0,-14.0,0.402,12.36,4.97,normal
113.631,-72.0,-1568.0,21940.0,-409.0,-112.0,-98.0,0.428,12.36,5.29,normal
113.739,-152.0,-676.0,22388.0,-326.0,-83.0,-80.0,0.385,12.33,4.75,normal
113.847,-276.0,496.0,22644.0,-585.0,-223.0,-8.0,0.273,12.3,3.35,normal
113.956,208.0,-388.0,22236.0,-477.0,22.0,-89.0,0.156,12.25,1.9,normal
114.063,-1724.0,-924.0,24664.0,-416.0,59.0,-425.0,0.124,12.24,1.51,normal
114.172,776.0,300.0,22824.0,-303.0,152.0,-143.0,0.131,12.25,1.61,normal
114.279,4324.0,-508.0,19808.0,-473.0,1038.0,6.0,0.206,12.3,2.01,normal
114.387,1772.0,-948.0,19904.0,-106.0,641.0,-167.0,0.306,12.34,3.78,normal
114.496,2080.0,-352.0,20704.0,-430.0,680.0,-43.0,0.377,12.36,4.66,normal
114.604,4084.0,-156.0,24036.0,-375.0,1472.0,-212.0,0.424,12.36,5.25,normal
114.711,3480.0,180.0,18924.0,-240.0,300.0,-4.0,0.422,12.35,5.2,normal
114.821,-644.0,-100.0,22552.0,-222.0,-319.0,-61.0,0.332,12.32,4.09,normal
114.928,1576.0,-1596.0,23440.0,-373.0,730.0,-100.0,0.231,12.28,2.84,normal
115.036,-904.0,-240.0,21396.0,-587.0,191.0,75.0,0.144,12.24,1.76,normal
115.145,-1016.0,696.0,21276.0,-412.0,-153.0,-17.0,0.12,12.25,1.47,normal
115.253,732.0,-1984.0,22996.0,-405.0,556.0,-68.0,0.137,12.26,1.68,normal
115.36,464.0,-44.0,21024.0,-577.0,123.0,86.0,0.249,12.31,3.08,normal
115.468,1636.0,-760.0,20632.0,-366.0,83.0,24.0,0.327,12.34,4.05,normal
115.577,-876.0,-1552.0,22084.0,-306.0,-160.0,-206.0,0.4,12.36,4.94,normal
115.684,1532.0,68.0,20724.0,-588.0,366.0,-1.0,0.436,12.36,5.38,normal
115.792,-708.0,-852.0,21420.0,-160.0,-108.0,-131.0,0.422,12.34,5.2,normal
115.901,852.0,-412.0,21412.0,-261.0,9.0,-56.0,0.35,12.32,4.31,normal
116.008,2384.0,-1684.0,21524.0,-254.0,520.0,-205.0,0.259,12.29,3.18,normal
116.116,1116.0,-1104.0,21512.0,-185.0,299.0,-177.0,0.154,12.25,1.88,normal
116.225,3492.0,-1584.0,20044.0,-195.0,856.0,43.0,0.124,12.24,1.51,normal
116.333,252.0,192.0,20964.0,-647.0,-332.0,-40.0,0.133,12.24,1.64,normal
116.441,-1400.0,-768.0,23308.0,-371.0,-214.0,-162.0,0.238,12.3,2.93,normal
116.549,-1328.0,-984.0,25340.0,-137.0,-115.0,-148.0,0.32,12.34,3.95,normal
116.657,5496.0,2824.0,16100.0,-568.0,721.0,193.0,0.44,12.36,5.43,normal
116.765,-1504.0,-100.0,22256.0,-457.0,-252.0,-129.0,0.428,12.36,5.28,normal
116.874,1280.0,-188.0,20936.0,-470.0,544.0,-270.0,0.406,12.34,5.0,normal
116.981,664.0,-76.0,21640.0,-430.0,-24.0,-100.0,0.304,12.32,3.73,normal
117.089,-412.0,-64.0,20792.0,-302.0,-21.0,-205.0,0.217,12.26,2.66,normal
117.197,-2104.0,-776.0,24664.0,-320.0,-100.0,-372.0,0.13,12.25,1.6,normal
117.306,216.0,-1760.0,23044.0,-170.0,95.0,-120.0,0.122,12.25,1.49,normal
117.413,2152.0,-2752.0,21868.0,-242.0,588.0,-248.0,0.145,12.26,1.78,normal
117.522,-2480.0,-192.0,23620.0,-150.0,-383.0,-29.0,0.255,12.31,3.15,normal
117.629,2016.0,-444.0,22040.0,-364.0,1132.0,-135.0,0.316,12.34,3.9,normal
117.738,4992.0,-2416.0,22928.0,-669.0,1776.0,265.0,0.394,12.36,4.86,normal
117.845,2044.0,-976.0,21756.0,-263.0,750.0,-24.0,0.471,12.36,5.81,normal
117.954,-1516.0,-384.0,23492.0,-532.0,411.0,-128.0,0.428,12.35,5.27,normal
118.062,-1348.0,-352.0,21424.0,-480.0,-300.0,42.0,0.362,12.33,4.46,normal
118.171,-5732.0,1820.0,22420.0,-474.0,-1139.0,-170.0,0.212,12.28,3.15,normal
118.278,936.0,1176.0,20100.0,-455.0,236.0,-70.0,0.136,12.24,1.66,normal
118.388,-1876.0,-396.0,24580.0,-527.0,-296.0,-186.0,0.124,12.23,1.52,normal
118.496,-1304.0,1460.0,22408.0,-560.0,-371.0,-191.0,0.134,12.26,1.64,normal
118.604,1248.0,-384.0,21836.0,-425.0,316.0,-208.0,0.216,12.3,2.66,normal
118.713,16.0,376.0,27444.0,-533.0,149.0,-251.0,0.3,12.33,3.7,normal
118.819,1064.0,-72.0,19904.0,-185.0,-56.0,-16.0,0.358,12.36,4.43,normal
118.928,180.0,-476.0,22860.0,-276.0,-32.0,-85.0,0.428,12.36,5.29,normal
119.036,3132.0,-468.0,20488.0,-510.0,736.0,-16.0,0.424,12.36,5.23,normal
119.144,-2804.0,960.0,24588.0,-558.0,148.0,-143.0,0.415,12.34,5.11,normal
119.252,-2452.0,-952.0,21388.0,-351.0,-403.0,-115.0,0.258,12.29,3.84,normal
119.36,1392.0,-2020.0,22160.0,-507.0,917.0,67.0,0.179,12.26,2.19,normal
119.467,252.0,-536.0,21628.0,-522.0,368.0,3.0,0.133,12.24,1.63,normal
119.576,2536.0,-424.0,20552.0,-427.0,296.0,3.0,0.121,12.26,1.48,normal
119.684,2368.0,-764.0,19540.0,-287.0,697.0,6.0,0.171,12.27,2.1,normal
119.792,3544.0,84.0,18900.0,-581.0,623.0,-13.0,0.25,12.32,3.08,normal
119.899,1524.0,236.0,21924.0,-348.0,285.0,-135.0,0.337,12.34,4.16,normal
